volume_change,avg_price_change,market_cap,last_updated,id,name,market_cap_change,volume,num_tokens,title,description
4.4266749999999995,-5.04721496875,2887444973.6499996,2025-02-13T07:01:17.960Z,67ad988ec9b0447b97874069,Binance HODLer Airdrops,-5.048862499999999,704045640.6684833,8,Binance HODLer Airdrops,Binance HODLer Airdrops
13.35318,-12.349212642999998,5700481052.059999,2025-02-05T05:08:29.420Z,67a2f0273edae95111922649,Moonshot,-10.11617,1743097133.2631385,10,Moonshot,Moonshot
14.60105,-12.262336905,47962486.71,2025-01-31T13:07:15.924Z,679ccaf59fe45457c11b2ce0,Startup Memes,-12.262350000000001,64381700.8987793,2,Startup Memes,Startup Memes
-23.544366666666665,-7.803026508333333,685365724.94,2025-02-05T05:08:28.886Z,6790633751eda549b5b0b2c7,BTCfi,-6.183116666666667,153141138.0805927,6,BTCfi,BTCfi
20.41724083333333,24.93848225008333,477126157682.9701,2025-01-20T06:46:53.433Z,678ded1251eda549b5afd3fe,Made in America,25.208327499999996,32472239266.225098,126,Made in America,Made in America
14.24248846153846,-5.72864595423077,41131655701.140015,2025-01-16T06:31:38.098Z,67846a2169a40178cd1a7773,CMC Crypto Yearbook 2024-25,-5.723184615384615,3702787190.3426757,28,CMC Crypto Yearbook 2024-25,CMC Crypto Yearbook 2024-25
31.368644680851066,-10.52503314212766,684388433.7200001,2025-01-07T11:28:12.496Z,677d0fc06bd44718911d7781,DeFAI,-8.523304255319148,187646958.46172652,48,DeFAI,DeFAI
36.810348000000005,-12.792022442799999,1282918936.3499997,2025-01-01T15:13:06.105Z,67755b776bd44718911c2570,AI Agent Launchpad,-6.984472,203231501.72311497,25,AI Agent Launchpad,AI Agent Launchpad
6.7352263736263716,-7.475675189890111,9241228604.020002,2024-12-22T19:04:54.759Z,6762acaeb5d1b043d3342f44,Binance Alpha,-6.5443000000000024,1513355980.163077,92,Binance Alpha,Binance Alpha
2.623005555555556,-8.348728413888889,1659822559.2799997,2024-12-17T10:17:02.954Z,67614f8616e45a585f030583,IP Memes,-7.895100000000001,286531788.8526167,18,IP Memes,IP Memes
-81.10789999999999,-35.08377911181818,0,2024-12-16T09:22:36.874Z,675ff153b866cb4763de9a61,Zodiac-Themed,0,2214115.01648885,12,Zodiac-Themed,Zodiac-Themed
328.89601666666664,-13.235594276666665,7988064434.67,2024-12-14T04:20:55.982Z,675d07748139da285433416e,Hyperliquid Ecosystem,-1.2373833333333333,412971558.19022214,16,Hyperliquid Ecosystem,Hyperliquid Ecosystem
-1.3824666666666667,-6.304110643333334,425536960.04,2024-12-13T13:08:31.642Z,675c31c08139da28543331e8,Terminal of Truths,-6.304133333333333,139690142.92990828,3,Terminal of Truths,Terminal of Truths
6.54435,1.806261130000001,38734338.53,2024-12-10T06:00:29.509Z,6757d8010f59334e93a19b82,Clanker Ecosystem,13.2338,6135821.89650054,2,Clanker Ecosystem,Clanker Ecosystem
7.008978947368422,-4.131898384210527,2126776028821.2502,2024-12-04T10:12:00.448Z,67502adb5c9f5b4ae748fae8,2017/18 Alt season,-4.1263421052631575,45781939359.62498,20,2017/18 Alt season,2017/18 Alt season
462.4378972602741,-13.937549783287672,873710972.7300001,2024-12-10T06:00:41.714Z,67496d73ad474122c10950b5,Virtuals Protocol Ecosystem,-1.4736849315068492,221991557.30003715,73,Virtuals Protocol Ecosystem,Virtuals Protocol Ecosystem
47.57220561797753,-10.079060866516855,1629228681.02,2024-11-29T06:06:14.273Z,674959bead474122c10944fc,Pump Fun Ecosystem,-7.389313483146069,676490743.131824,89,Pump Fun Ecosystem,Pump Fun Ecosystem
1629.0885545454548,19.07853010472727,1895645135.9099998,2024-11-04T08:21:42.108Z,6728840510071002652db3c2,Animal Memes,-3.6426381818181817,602180464.5305215,57,Animal Memes,Animal Memes
228.04049395604417,-10.73937618302198,5213830938.890002,2024-11-07T17:28:02.898Z,67250af2622a021a2592cba5,AI Agents,-2.1636049450549457,737008605.3702468,185,AI Agents,AI Agents
826.8561299212599,-8.292971309685042,1464703280.49,2024-10-31T05:52:04.562Z,67198e5c8fd30952c38c3fa1,AI Memes,-2.2048527559055118,385025958.4101021,131,AI Memes,AI Memes
22.470641666666666,-4.734085601666666,86585171.61999999,2024-10-02T01:07:30.642Z,66fc9cad98812260d55bb735,Hybrid token standard,-1.27885,5711596.90858595,15,Hybrid token standard,Hybrid token standard
-10.185468181818182,-1.4155850636363636,49516841.33,2024-08-29T14:08:29.910Z,66d07f95fd16915e5906f7fb,Sun Pump Ecosystem,-1.4347045454545455,30805922.8265643,39,Sun Pump Ecosystem,Sun Pump Ecosystem
-13.615264516129033,-2.0964558893548393,49552228.26,2024-08-25T10:28:08.848Z,66c739798c27c7444ebf03e8,TRON Memes,-0.9596677419354839,31208354.16182968,49,TRON Memes,TRON Memes
23467.81148148148,-4.396509688888888,781094418.4999999,2024-08-20T07:32:40.386Z,66ba86e19f9f301707348c7c,Tap To Earn (T2E),-2.237722222222222,234656869.09389058,104,Tap To Earn (T2E),Tap To Earn (T2E)
-6.8812357142857135,-7.255109622857144,3986416679.7999997,2024-07-26T04:04:15.483Z,66a3201fdfec59177a0f3a35,Celebrity Memes,-1.741585714285714,1281370060.2852328,15,Celebrity Memes,Celebrity Memes
32.947125,-6.003137495000001,390731747.05999994,2024-08-15T08:09:32.649Z,667238b565e4476fb9e4952a,Intent,-3.0450999999999997,93444976.6665736,8,Intent,Intent
1345.697747619047,34.84479622999999,3655435488.1600003,2024-05-22T02:12:33.978Z,664716e98c23b0279034a5ed,Political Memes,27.602397619047615,1409749762.548299,180,Political Memes,Political Memes
-16.9059,-2.632998048,32663037.23,2024-08-15T07:59:48.243Z,6640d258f5ddfc617d4b0e37,CMC Labs,-1.20492,14949600.23071729,8,CMC Labs,CMC Labs
1985.2337596590912,-3.5705339815340906,136029407709.43004,2024-05-10T07:47:43.754Z,663dd07040575e0870396c23,Rehypothecated Crypto,-3.5850159090909077,4357974016.208541,203,Rehypothecated Crypto,Rehypothecated Crypto
150.17532916666667,-1.0150192933333335,201626043802.09998,2024-05-03T12:48:28.586Z,6634dccba7b6f0637eec196a,Fiat Stablecoin,-0.47777916666666664,99297923466.3811,26,Fiat Stablecoin,Fiat Stablecoin
-13.18688888888889,-3.807223769259259,50712544073.439995,2024-04-22T06:52:36.472Z,662609299f284617d8cebc59,EigenLayer Ecosystem,-3.6544999999999996,401147618.94673455,27,EigenLayer Ecosystem,EigenLayer Ecosystem
17.510983333333332,-3.0881385111111115,517769436.90999997,2024-04-22T06:26:59.403Z,6626031a9f284617d8ceb9a8,Runes,-1.5040499999999999,53051954.685771406,19,Runes,Runes
12.245425000000001,-5.0353893525,984316313.68,2024-04-11T12:53:04.936Z,6617dd1bd0384836b9c7bdf3,TokenFi Launchpad,-5.035425,179524260.47659844,5,TokenFi Launchpad,TokenFi Launchpad
105.58696458333326,-7.487823012291667,145578697.95000002,2024-05-06T13:58:37.678Z,66062e4ae7d404450a103cd5,CMC Community Vote Winners,-2.264308333333333,44771094.231074676,49,CMC Community Vote Winners,CMC Community Vote Winners
5.312899999999998,-7.909374893333333,42823495.92,2024-03-28T04:30:07.129Z,6604f2405726cb6104472fdb,Presale Memes,-2.6008333333333336,13852719.64527379,4,Presale Memes,Presale Memes
10.678799999999999,-6.79077717,14812498401.96,2024-03-27T04:19:33.033Z,66039e3c6253043a6a580e65,Move VM (MVM),-6.78736,1385878228.0327404,6,Move VM (MVM),Move VM (MVM)
59.8978,-2.4637568185714285,0,2024-03-20T16:19:23.093Z,65fafbaccd69e615d550867e,Atomicals Ecosystem,0,200597.13622999,9,Atomicals Ecosystem,Atomicals Ecosystem
82.91717229729727,-4.328399108513512,19673056396.55,2024-10-28T02:17:47.285Z,65f23191e6c934565751ce16,DePIN,-3.2649804054054057,1348249511.8864963,172,DePIN,DePIN
28.99055,-5.8181192975,91197359510.26001,2024-09-14T06:44:51.748Z,65e92dbe01dd0a13fd969b89,CMC Crypto Awards 2024,-5.753525,7061841128.727878,4,CMC Crypto Awards 2024,CMC Crypto Awards 2024
169.21537500000002,-2.336023386590909,15746814568.819998,2024-03-13T23:07:47.576Z,65dda87e7b765e3ee1e908d1,Blast Ecosystem,-1.8316727272727271,1061940789.9548085,50,Blast Ecosystem,Blast Ecosystem
-69.23916666666668,-0.54687385,2251165.4,2024-02-15T05:21:10.571Z,65cd9f33a4acfd1f5d0e4288,DN404,-0.9884666666666666,7981.30423132,3,DN404,DN404
10.839866666666664,-3.3693603688888887,12458896.389999999,2024-09-14T06:52:30.731Z,65c3381b93ace164a223c88d,ERC404,-1.2927777777777778,2402344.34235982,28,ERC404,ERC404
29356.920685256413,165.22241769955127,1390259213.3700004,2024-03-13T23:07:28.552Z,65c06eba1736b10877f3f55d,Cat-Themed,-3.109923076923077,235837829.4567752,212,Cat-Themed,Cat-Themed
-13.787950000000002,-3.3979947875,365399319.21000004,2024-02-05T04:43:13.483Z,65c067341736b10877f3ee9d,Rollups-as-a-Service (RaaS),-3.3979750000000006,44724710.83734966,4,Rollups-as-a-Service (RaaS),Rollups-as-a-Service (RaaS)
4433.673599999999,-4.620005120882354,49344144844.43,2024-03-13T23:07:35.470Z,659f3fbb4c5ab81dba4bb8ba,Restaking,-3.8154088235294115,483829646.12324786,43,Restaking,Restaking
35.46879791666667,-4.149802202708334,573842802.61,2024-03-13T23:07:36.624Z,659392fd54b2742440bf0dde,Inscriptions,-0.7799833333333334,99934467.30233419,67,Inscriptions,Inscriptions
152.44179756097557,-4.307920885121952,56864735189.49,2024-09-14T06:58:20.613Z,658e1127598b0275bafcb61c,MultiversX Ecosystem,-1.385436585365854,8497237564.150159,42,MultiversX Ecosystem,MultiversX Ecosystem
5.784599999999999,-4.9346740225,5551118647.469999,2023-12-27T15:15:30.494Z,658c3f5c517c467a48f469f6,Data Availability,-5.056137499999999,315242222.9537974,9,Data Availability,Data Availability
61.876318181818185,-2.789465110909091,1126567647.59,2024-01-02T15:32:05.288Z,658b5d8f517c467a48f445cd,Paal Ecosystem,-3.0914818181818187,169121796.67557445,12,Paal Ecosystem,Paal Ecosystem
18.1759,-5.1108895125,1127833962.75,2023-12-26T23:11:37.608Z,65817d327289e144e00613fe,Parallel EVM,-4.412825,76276155.38400762,5,Parallel EVM,Parallel EVM
-14.158930000000002,-9.562001029,4366192616.539999,2023-12-26T23:11:47.858Z,65817cf07289e144e00613ea,Account Abstraction,-8.871039999999999,239458950.90095773,11,Account Abstraction,Account Abstraction
12.619589999999999,-4.4297907180000005,6610687518.420001,2023-11-21T07:03:29.188Z,655c563a19d020516fba113a,eGirl Capital Portfolio,-5.4944500000000005,700691651.4197053,12,eGirl Capital Portfolio,eGirl Capital Portfolio
-11.216709090909092,-3.629062206363636,7855622985.219998,2023-11-21T06:54:40.813Z,655c542219d020516fba1022,Standard Crypto Portfolio,-3.882581818181819,774194883.2259065,11,Standard Crypto Portfolio,Standard Crypto Portfolio
7.0005,-3.12102246,2960537085.59,2023-11-20T15:45:43.308Z,655b7f01b5b0d755998089bd,X1 Ecosystem,-3.121,3486180.01417518,1,X1 Ecosystem,X1 Ecosystem
36.556791999999994,-4.0228977364,627179154.58,2023-11-20T10:51:37.137Z,654a0c87ba37f269c8016129,BRC-20,-1.199362,109754379.87907167,76,BRC-20,BRC-20
6.408811764705882,-6.55163409235294,8182439219.580001,2023-11-20T10:51:50.449Z,6513a01333cae40c55d561e0,Modular Blockchain,-6.594058823529411,1170910745.7925282,21,Modular Blockchain,Modular Blockchain
5162.2504217741935,-4.418077167661291,169502954417.15005,2023-11-20T10:51:53.641Z,64e47d21ae41d47d40cc07bc,Toncoin Ecosystem,-1.4339346774193547,85669695372.36351,218,Toncoin Ecosystem,Toncoin Ecosystem
57.09401875,-3.967978585,208457053735.23996,2023-08-15T08:23:08.164Z,64db35dd28bd4735cb57c3a9,SEI Ecosystem,-4.2775875,94266705960.62006,19,SEI Ecosystem,SEI Ecosystem
27.953299999999995,-3.6556971533333336,12551023.129999999,2023-08-15T02:17:05.349Z,64dadf1428bd4735cb57b43a,Reddit Points,-3.6557,768751.2716300399,3,Reddit Points,Reddit Points
223.80569722222222,-2.0566081708333335,25480957743.669994,2023-08-09T14:00:21.681Z,64ca337fcad87e003b862a43,Linea Ecosystem,-1.6450916666666662,2182971160.9923964,36,Linea Ecosystem,Linea Ecosystem
15356.170239480849,-6.007689450519118,107247024782.39008,2023-08-09T14:00:22.624Z,64c7867acad87e003b856825,Base Ecosystem,-1.9359710382513673,11986663363.877262,784,Base Ecosystem,Base Ecosystem
1265.5351555555555,-7.7748793111111105,301976383.53,2024-09-14T06:50:27.926Z,64bfbf3a1e8d1f05fac5ad33,Discord Bots,-4.984088888888888,55218805.07045407,12,Discord Bots,Discord Bots
0.5017500000000001,-4.78676159,315485033.38,2023-08-08T18:25:16.844Z,64bbb61c65d6d5788642471d,Kadena Ecosystem,-4.77145,23891490.9791236,6,Kadena Ecosystem,Kadena Ecosystem
21.676600000000004,-4.891018428,10075726.02,2024-09-14T06:50:15.611Z,64bb8c5065d6d57886423e56,Animal Racing,-2.06626,316126.02468921,8,Animal Racing,Animal Racing
21.056383333333336,-5.516072733333334,104845566627.99,2023-07-17T09:06:14.617Z,64b50425e94fbc1954ae51cc,Celsius Bankruptcy Estate,-5.5160833333333334,2687206481.683989,6,Celsius Bankruptcy Estate,Celsius Bankruptcy Estate
22.633409302325582,-5.302244124651163,242673867765.82004,2023-08-09T02:59:25.115Z,64b01bff8610a065fa40bc56,Alleged SEC Securities,-5.082902325581395,11413921145.492878,64,Alleged SEC Securities,Alleged SEC Securities
7.9097,-2.96141982,315975255.03,2023-07-13T15:45:24.784Z,648b140936e0e773f2c819f8,Sino Global Capital,-2.9614,47816630.21670967,1,Sino Global Capital,Sino Global Capital
13.228845679012345,-4.149863246851851,54169623400.99996,2024-03-13T23:08:26.173Z,648afd0f36e0e773f2c815c2,DWF Labs Portfolio,-3.814098765432099,3715955117.8104196,173,DWF Labs Portfolio,DWF Labs Portfolio
80.92981666666667,-14.179640773333333,79229729.70999998,2023-07-13T15:45:22.915Z,648afc8a36e0e773f2c81563,Polygon Ventures Portfolio,-10.582983333333333,26281887.672924522,6,Polygon Ventures Portfolio,Polygon Ventures Portfolio
10.54125,-5.3854850475,83848768.49,2024-05-17T08:36:45.404Z,648871fee4a61b5b1feaa7fe,Shima Capital,-5.3854999999999995,23485617.440703698,4,Shima Capital,Shima Capital
13.5824,-7.43559844,43710918.47,2023-12-26T23:12:02.541Z,648871cde4a61b5b1feaa7ee,Gemini Frontier Fund,-7.4356,6702567.6417465005,2,Gemini Frontier Fund,Gemini Frontier Fund
2.4008375,-6.61604993375,2010723187.59,2024-09-14T06:53:01.698Z,64886e7fe4a61b5b1feaa6a9,Jump Crypto,-6.6101375,216308799.0358791,8,Jump Crypto,Jump Crypto
9314.905928571428,-4.638362722714286,1044034582.14,2023-08-09T13:53:25.475Z,647dca8a4feebb49dbe23674,Telegram Bot,-3.0296314285714288,208089918.63410044,215,Telegram Bot,Telegram Bot
10.5205,-6.895819463333335,225752419.39999998,2023-07-13T15:45:38.557Z,647964844feebb49dbe14a73,Nomad Capital,-6.8765,41740063.910814084,3,Nomad Capital,Nomad Capital
419.65229999999997,-3.91825433,0,2023-07-13T15:45:37.677Z,64659fad4fc5f04f833d2f25,Treasure (MAGIC) Ecosystem ,0,776.44591178,2,Treasure (MAGIC) Ecosystem ,Treasure (MAGIC) Ecosystem 
694.4214783333333,-2.709865925833334,548602157741.0601,2024-03-13T23:08:43.017Z,644620a2b124ea0434395dd1,zkSync Era Ecosystem,-1.1363083333333333,118610009240.22571,71,zkSync Era Ecosystem,zkSync Era Ecosystem
-2.5323,-10.68160627,17783098.09,2023-04-19T08:34:03.142Z,643fa775b124ea043437ac6f,Berachain Ecosystem,-10.6816,90201.92693336,3,Berachain Ecosystem,Berachain Ecosystem
-6.6056,-49.54249421,0,2023-04-14T04:25:18.689Z,6438d4ebb124ea043435e31f,IOU,0,865951.60736404,9,IOU,"Please note that this page only reflects the price of the [IOUs](https://coinmarketcap.com/alexandria/glossary/what-is-an-iou), which may not be transferable across exchanges. Exercise caution while trading and always [DYOR](https://support.coinmarketcap.com/hc/en-us/articles/360043659351-Listings-Criteria)."
111.28243200000001,-3.8221332595999993,2508212007752.6504,2023-09-09T20:39:55.222Z,6437284985f6a3507d5fd57d,FTX Bankruptcy Estate ,-3.3170880000000005,73800977100.72789,27,FTX Bankruptcy Estate ,FTX Bankruptcy Estate 
45.76016,-4.392406793133332,656094026423.2806,2023-08-09T13:42:57.369Z,6433de7df79a2653906cd680,Layer 1,-3.8465206666666663,39885922242.88709,160,Layer 1,Layer 1
-37.883737499999995,-0.85745869375,48199.16,2023-03-20T09:01:30.963Z,641820e333d5090d51b70536,Camelot Launchpad,0.0266625,1257822.55140651,9,Camelot Launchpad,Camelot Launchpad
2607.7957,-6.4090018722222215,3782311189.57,2023-03-11T06:07:40.019Z,640c168c41d61948cb493e13,Circle Ventures Portfolio,-7.6928888888888896,181387249.4968268,12,Circle Ventures Portfolio,Circle Ventures Portfolio
24.5305432,-4.076710286560001,55755975932.05,2025-02-13T07:18:52.225Z,6400b58c1701313dc2e853a9,Real World Assets,-3.4046887999999997,2607321833.263886,173,Real World Assets,Real World Assets
25.232149350649347,-5.50314184207792,11304975837.210007,2023-08-09T13:49:49.320Z,63ff40541701313dc2e81ead,Generative AI,-3.9678155844155842,792992524.1940542,94,Generative AI,Generative AI
36.62637555555556,-3.9009131168888875,1929044847093.261,2023-08-09T13:53:10.756Z,63feda8ad0a19758f3bde124,Bitcoin Ecosystem,-2.46362,37698209844.57754,115,Bitcoin Ecosystem,Bitcoin Ecosystem
1838.8762801886792,-3.796447798962266,568083556196.2198,2023-02-10T15:04:36.204Z,63e65c8785bc766a8efb2788,Osmosis Ecosystem,-2.7027735849056596,120672581292.15503,111,Osmosis Ecosystem,Osmosis Ecosystem
-6.996977777777777,-2.5399563866666672,208597896517.71997,2023-08-09T13:55:48.631Z,63d8fb067e9034437b2c57d6,Canto Ecosystem,-1.6676222222222221,94301196369.68938,15,Canto Ecosystem,Canto Ecosystem
499.77200755813936,-2.3399110798837213,277512492391.7799,2023-08-09T13:57:28.715Z,63c53f177e9034437b2a93bc,Optimism Ecosystem,-1.675477906976744,96686255274.90201,188,Optimism Ecosystem,Optimism Ecosystem
2733.065758974359,-3.7625568479487184,60046583062.63002,2023-08-09T13:44:35.406Z,63b2ec90de2ed82ba295d22b,Liquid Staking Derivatives,-3.0561217948717965,729672823.0825115,102,Liquid Staking Derivatives,Liquid Staking Derivatives
74.2560705882353,-0.8335520247058824,112515320.54,2022-11-03T11:36:20.885Z,6363a6c9cd197958bb543bf0,Soccer,-0.1488176470588236,121320970.53140846,52,Soccer,Soccer
48.1378387755102,-3.4323176585714292,212666752098.81,2023-08-09T13:55:37.030Z,635634b93e16136f3bb2ee9e,Aptos Ecosystem,-2.4207020408163267,94724055484.30496,49,Aptos Ecosystem,Aptos Ecosystem
1222.9234637499999,-7.225875618999998,211812400958.96005,2024-01-03T08:27:01.963Z,635003a93e16136f3bb1f540,SUI Ecosystem,-2.09481,100496126546.93831,90,SUI Ecosystem,SUI Ecosystem
18.947523809523805,-4.692258082857143,3336230732.1,2023-08-09T13:56:07.367Z,63330401558c5024ac5dade9,Internet Computer Ecosystem,-1.4745000000000001,81897848.38320245,26,Internet Computer Ecosystem,Internet Computer Ecosystem
-67.62503333333333,-12.597055966666668,0,2024-09-14T06:53:26.244Z,63258b2a694d2a40b4040007,Farming as a Service (FaaS),0,24.18877537,9,Farming as a Service (FaaS),Farming as a Service (FaaS)
5624.834997959182,-4.572535370204081,557057855.69,2024-02-07T10:58:13.250Z,63248a04694d2a40b403f244,DeSci,-1.5062244897959178,56321688.03543388,55,DeSci,DeSci
27.345975,-1.9252701241666659,197877033632.11996,2022-08-22T04:40:45.482Z,62fe5eb097edc244f4716518,Doge Chain Ecosystem,-1.570641666666667,93167890674.72644,21,Doge Chain Ecosystem,Doge Chain
38.841300000000004,-2.665658003333333,531190452286.69995,2024-09-14T06:53:29.091Z,62fa265597edc244f47086b5,Velas Ecosystem,-1.2459055555555558,116507039629.44878,19,Velas Ecosystem,Velas Ecosystem
3682.8777000000005,-4.930144861666667,140187185.76,2023-08-09T13:56:30.094Z,62ecfe560cf3825d2791fba6,MetisDAO Ecosystem,-0.8258333333333333,11086313.30522625,11,MetisDAO Ecosystem,MetisDAO Ecosystem
-12.348891666666665,-1.5109109966666667,224490671974.09995,2022-06-28T10:15:55.287Z,62bad476c8261218d38931dc,Everscale Ecosystem,-1.0961333333333332,94758152560.8169,12,Everscale Ecosystem,Everscale Ecosystem
131.35353809523806,-0.2947270395238096,143303177112.81,2024-09-14T06:58:42.787Z,62aac152794dfb763a3321f1,XDC Ecosystem,-0.871890476190476,84751449359.19214,27,XDC Ecosystem,XDC Ecosystem
-2.049140000000002,0.541245294,1514857531.55,2024-09-14T06:58:47.118Z,625d09d246203827ab52dd53,Tokenized Gold,0.5412399999999999,30534692.31410904,9,Tokenized Gold,Tokenized Gold
71.11864166666668,-0.9248232791666666,418149393.67999995,2022-04-18T06:46:21.382Z,625d057257c0560770d004e2,EUR Stablecoin,-1.447733333333333,31552878.695858136,14,EUR Stablecoin,EUR Stablecoin
94.64059183673467,0.09316035857142854,228438094458.69992,2024-09-14T06:58:53.609Z,625d04fa57c0560770d004e1,USD Stablecoin,0.24166326530612253,99937748009.9334,62,USD Stablecoin,USD Stablecoin
1563.5340041666668,-4.883897588333332,277405140.99999994,2023-08-09T13:53:02.715Z,6246aade491a5b4fe942fa3f,Move To Earn,-2.4329083333333337,73148607.0075421,35,Move To Earn,Move To Earn
5795.482141666667,-5.061774723749999,192015498.78,2023-10-30T09:11:20.968Z,62278205e27c191689a8b132,Seedify,-4.600620833333333,44789090.648185715,33,Seedify,Seedify
-1.9887374999999987,-4.5378318375,207294648617.21997,2024-01-03T08:26:55.963Z,622569825ae33e46d7eb9813,Oasis Ecosystem,-3.9517625,94222054915.0743,9,Oasis Ecosystem,Oasis Ecosystem
166.3879818181818,-1.5085845990909093,11038993.919999998,2022-03-04T17:37:49.126Z,62224b92b3096e3849858941,Kommunitas Launchpad,-1.319290909090909,1263888.65341328,30,Kommunitas Launchpad,Kommunitas Launchpad
28.45367355371901,-4.827811028677689,238771191329.9301,2024-03-13T23:09:16.287Z,620a2bac3ee27777ad05bdaa,Injective Ecosystem,-3.6663983471074375,95498016390.1612,142,Injective Ecosystem,Injective Ecosystem
238.67095,-7.702326962000001,79143591.76,2022-01-24T17:59:50.547Z,61e7d42456acb5784136115f,Oxbull,-7.217090000000001,22603459.4728959,30,Oxbull,Oxbull
148.918427027027,-2.9013521455405393,86025788356.09001,2024-03-12T07:22:17.848Z,61e65c64b3eb6864243277d7,OKX Ventures Portfolio,-2.11528918918919,7142590481.137305,90,OKX Ventures Portfolio,OKX Ventures Portfolio
133.65515,-3.1738471437499998,89728227469.45998,2024-09-14T06:58:58.248Z,61de44977ff10a2f03fd8b6c,Cronos Ecosystem,-1.621865625,11008530593.34857,88,Cronos Ecosystem,Cronos Ecosystem
12.963106,-2.9612156276000015,12564088814.969995,2022-01-10T07:08:15.711Z,61dbdb5541de995812116695,Spartan Group,-2.8557300000000003,866037308.4492531,59,Spartan Group,Spartan Group
163.77474,-0.052294323333334065,235479807972.73004,2024-09-14T06:53:56.407Z,61d923d341de9958121165fb,Moonriver Ecosystem,-1.5262666666666667,94928086015.02806,36,Moonriver Ecosystem,Moonriver Ecosystem
149.78648648648655,-2.5399145675675685,713807268.1700002,2021-12-06T06:37:53.730Z,61ada74c7828ce551835b031,VBC Ventures Portfolio,-1.9814513513513516,49765372.423631184,57,VBC Ventures Portfolio,VBC Ventures Portfolio
13.348562,7.490358810200002,438253538816.4,2022-08-08T14:58:05.043Z,61a461f8f13c3c06383f4224,Kenetic Capital Portfolio,8.008484,30928438661.393265,57,Kenetic Capital Portfolio,Kenetic Capital Portfolio
31.803667567567565,-2.180560514054054,235189606260.46002,2024-09-14T06:58:59.683Z,619f7223b02e240b33b7b8bc,Harmony Ecosystem,-2.487554054054054,94956022651.06966,54,Harmony Ecosystem,Harmony Ecosystem
61.78235,-3.2715825162499996,195646954.95,2023-08-09T13:48:42.863Z,619747686d73bb181e8d9109,Protocol-Owned Liquidity,-1.895625,40403630.083882816,13,Protocol-Owned Liquidity,Protocol-Owned Liquidity
32.67112352941177,-4.269294761764707,411815561.27000004,2021-11-19T06:37:38.425Z,619724627efba823f81dbf9e,DeFi 2.0,-2.199870588235294,55273017.22362466,26,DeFi 2.0,DeFi 2.0
62.133369230769226,-4.407906916923076,13044313.68,2021-11-17T13:35:24.310Z,619504a2f0cc180d721c639a,BlueZilla,-3.106284615384616,483695.77525736997,13,BlueZilla,BlueZilla
47.8001294117647,-0.14468775529411781,901880484.3599999,2023-08-09T13:46:23.321Z,6192765a2696b919a04444ea,Gaming Guild,0.06254705882352993,113101578.795177,20,Gaming Guild,Gaming Guild
1196.5928,-3.3722680125,521483.67000000004,2021-11-13T13:14:02.229Z,618fb9a45471091a7df361f3,Moon Knight Labs,-1.85935,53711.51289169,4,Moon Knight Labs,Moon Knight Labs
25.695525000000004,-2.189497181666667,19575442.1,2021-11-13T17:03:26.198Z,618d78728b4c474d390bab72,Ferrum Network,-1.7269249999999998,1134370.5529168604,17,Ferrum Network,Ferrum Network
20.02646046511629,-0.3847048993023253,21814648550.090004,2022-08-08T15:08:54.949Z,618c0c528cd62978a89e554a,TRON Ecosystem,-0.46498837209302313,797371320.5331156,54,TRON Ecosystem,TRON Ecosystem
30401.59336928268,5.823824699355505,911239906251.7203,2023-08-09T13:57:19.587Z,618c0beeb7dd913155b462f9,Ethereum Ecosystem,-0.4789572765072773,141618684564.83212,4248,Ethereum Ecosystem,Ethereum Ecosystem
285.0697243902439,-5.623923186463415,5130328148.12,2021-11-08T07:09:10.406Z,6183ac1e55b4226c9d215182,Animoca Brands Portfolio,-5.217489024390244,598880566.0065982,97,Animoca Brands Portfolio,Animoca Brands Portfolio
208.97097499999998,-2.7016609037499997,37686960.339999996,2021-10-27T10:46:43.392Z,61792d831f475f1858a19f63,BullPerks Launchpad,-2.1935874999999996,4328565.856670121,51,BullPerks Launchpad,BullPerks Launchpad
3555.2750261904757,-2.374895825714286,820039072.5200001,2021-10-27T08:35:57.605Z,61790f5ab0c3953ace8c869a,MVB,-1.4759261904761904,99629023.2927163,50,MVB,MVB
1204.5049166666668,-1.8242359266666668,5806379.68,2021-10-24T07:38:24.862Z,61750b1722be322513caa85e,LaunchZone,-1.8242166666666666,69918.78636652001,16,LaunchZone,LaunchZone
399.39349,0.05912959699999983,209032052620.37997,2024-09-14T06:59:05.929Z,6172b83b6ea426155245c064,Celo Ecosystem,-1.190945,94286089809.30269,45,Celo Ecosystem,Celo Ecosystem
201.64365855130802,-2.4020081179074473,303416982737.02966,2023-08-09T13:59:25.066Z,6171122402ece807e8a9d3ed,Arbitrum Ecosystem,-1.8186887323943661,98303497193.0579,621,Arbitrum Ecosystem,Arbitrum Ecosystem
102.22950781250002,6.480197702187499,570433894717.1201,2023-08-09T13:58:10.481Z,616e4420691eaf08be21fe7b,Near Protocol Ecosystem,7.58528125,120824289242.4855,72,Near Protocol Ecosystem,Near Protocol Ecosystem
9150.172965384616,-3.394388936923076,941177559.97,2023-08-09T13:51:15.022Z,615a922c7dacd915d2dff768,Olympus Pro Ecosystem,-2.8717961538461534,123040878.07007721,35,Olympus Pro Ecosystem,Olympus Pro Ecosystem
29.08991818181818,-2.066653556363636,463544958798.91003,2024-09-14T06:49:29.401Z,613d6748e735bf53b7ce6cb1,Tezos Ecosystem,-1.416490909090909,107735273246.45958,13,Tezos Ecosystem,Tezos Ecosystem
33.48113225806451,-4.300246935161291,269908971937.19003,2023-08-09T13:59:39.074Z,6123b500d3cf0828a2ada16c,Terra Ecosystem,-2.6759645161290324,96578688322.67952,56,Terra Ecosystem,Terra Ecosystem
83.5777241935484,-5.135844373387098,39643528589.259995,2023-08-09T13:58:40.871Z,61213ce7c049672cb6ce7eb8,Cardano Ecosystem,-2.047033870967742,1530696687.6558306,73,Cardano Ecosystem,Cardano Ecosystem
124.00956666666667,25.49902991866667,21762719.91,2021-08-12T04:16:50.807Z,6113ca776ea42668462d34de,Icetea Labs,-1.4081466666666669,9315449.341509089,22,Icetea Labs,Icetea Labs
296.3640789473684,-4.358681915263157,6969917712.009996,2023-08-09T13:47:18.452Z,60fb6ba4ee872d7cfdd7556d,Play To Earn,-2.8226745614035087,842029164.3783215,400,Play To Earn,Play To Earn
1457.9370272727274,-3.801573966590908,199613158955.65997,2023-08-09T13:59:18.150Z,60f078e54a4c180ab9f34cd0,Fantom Ecosystem,-2.331706818181819,87856614927.60814,243,Fantom Ecosystem,Fantom Ecosystem
73.6322076923077,-4.934839642307692,1363671684.2399998,2021-11-10T18:16:57.908Z,60cabf685ecd03675c87833a,PetRock Capital Portfolio,-4.515115384615385,136092467.79611892,17,PetRock Capital Portfolio,PetRock Capital Portfolio
356.6675182857141,-5.963935128000002,50512221507.390015,2024-09-14T06:49:50.123Z,60bdcb4acd44627a464e36c5,Doggone Doggerel,-2.678130857142857,2861315550.7086325,412,Doggone Doggerel,Doggone Doggerel
139.39731999999998,2.2695792260000003,77203482.4,2021-06-01T11:20:57.702Z,60b6171df2ae7d4366bc68e3,Bounce Launchpad,1.1256,47994304.90070831,15,Bounce Launchpad,Bounce Launchpad
245.78777611428572,-2.5377613995885717,244198372364.69995,2023-08-09T13:57:54.571Z,60a5f6765abd81761fe58688,Polygon Ecosystem,-1.6551728000000003,92504364186.74136,975,Polygon Ecosystem,Polygon Ecosystem
64.45530000000001,-3.636202845,0,2021-06-16T14:53:30.568Z,60a4cff7bd921305b56db89e,Genpad,0,688.27855267,7,Genpad,Genpad
127.21752222222221,-6.520897256666667,275246996.50000006,2021-05-15T06:25:48.660Z,609f690dd14ea574b7742e20,Chromia Ecosystem,-4.724511111111112,48748155.59158211,10,Chromia Ecosystem,Chromia Ecosystem
278.3783808510638,-1.5939657019148932,511031247687.7699,2021-12-28T08:41:45.123Z,609a683ce58790484fa8abfe,HECO Ecosystem,-1.212991489361702,110940481508.47903,69,HECO Ecosystem,"HECO Chain is an EVM-compatible public chain with an efficient and low-cost on-chain environment for DApps, smart contracts, and digital assets."
53.78575185185187,13.555158688148149,35438388.720000006,2021-05-12T06:21:06.012Z,608fe214a016b0127037b8fa,PolkaFoundry Red Kite,-1.3645037037037033,9950943.28901846,39,PolkaFoundry Red Kite,PolkaFoundry Red Kite
-21.357825000000002,-11.2155163525,25125331.29,2021-04-18T13:41:19.627Z,607c36f70bcf361dc46fd235,Hacken Foundation,-11.215525,364017.75429616007,4,Hacken Foundation,Hacken Foundation
270.33869375,12.115355886249999,43123500.27,2021-04-10T00:37:16.235Z,6070f1fa844b9f1a8b1b03a5,Trustswap Launchpad,14.491450000000002,2476967.1301524504,35,Trustswap Launchpad,Trustswap Launchpad
175.7614386666667,-3.3931250096,21122724154.910007,2021-04-09T03:36:03.123Z,606fc8e783ddf57d0809985b,Exnetwork Capital Portfolio,-3.035041333333335,1156239879.0123856,101,Exnetwork Capital Portfolio,Exnetwork Capital Portfolio
2047.5520055555555,-0.06240615055555571,44989045.440000005,2021-11-10T18:00:03.060Z,606fa195ab00870d99e90a2d,Poolz Finance Portfolio,-1.6022500000000004,2316090.429712081,29,Poolz Finance Portfolio,Poolz Finance Portfolio
546.01316875,1.775140730625,25215084.869999997,2021-04-07T00:25:20.817Z,606c7ceaba20ac511a93c774,DuckSTARTER,0.05790625000000005,510681.49957367004,26,DuckSTARTER,DuckSTARTER
-0.023455000000000226,-3.7661015884999998,2223660662899.8403,2021-11-10T10:30:15.958Z,605e2ec9d41eae1066535f82,Paradigm Portfolio,-4.28939,60282072019.40066,20,Paradigm Portfolio,Paradigm Portfolio
-15.16883846153846,-5.043320684615384,11936313257.069998,2021-11-10T15:22:33.575Z,605e2e90d41eae1066535f81,ParaFi Capital,-5.0430769230769235,678402517.1993371,14,ParaFi Capital,ParaFi Capital
8.319370967741934,16.767852782258068,2399978564760.1304,2021-03-26T23:29:46.673Z,605e2e73d41eae1066535f80,Multicoin Capital Portfolio,16.8693,68948834588.91658,33,Multicoin Capital Portfolio,Multicoin Capital Portfolio
17.73605185185185,-3.755896855925924,2387989970740.1807,2021-03-26T23:24:51.227Z,605e2e38d41eae1066535f7f,Pantera Capital Portfolio,-4.138133333333334,66813319138.2876,66,Pantera Capital Portfolio,Pantera Capital Portfolio
-7.14233125,-4.698036023125,2221673759888.9795,2021-03-26T23:24:50.090Z,605e2e0bd41eae1066535f7e,Placeholder Ventures Portfolio,-4.98763125,60010575662.31078,18,Placeholder Ventures Portfolio,Placeholder Ventures Portfolio
11.978599999999998,-5.272291476666667,2215877555979.35,2021-03-26T23:01:45.131Z,605e2d726507f27280c38982,USV Portfolio,-5.267283333333333,59614042284.90312,6,USV Portfolio,USV Portfolio
14.660366666666667,-4.4192286649999994,2215479953496.6904,2021-11-10T17:49:59.639Z,605e2d3ed41eae1066535f7d,Winklevoss Capital Portfolio,-4.411866666666666,59737951304.47686,6,Winklevoss Capital Portfolio,Winklevoss Capital Portfolio
15.904645454545454,-2.2658585245454543,2222651128601.7,2021-03-26T22:58:15.404Z,605e2d0f6507f27280c38981,1Confirmation Portfolio,-2.6885363636363646,59981393508.034096,11,1Confirmation Portfolio,1Confirmation Portfolio
14.803338461538461,-3.7510790026923075,2384485917618.3696,2021-11-10T17:23:01.089Z,605e2ce9d41eae1066535f7c,a16z Portfolio,-3.9110961538461533,66802318060.83009,28,a16z Portfolio,a16z Portfolio
24.742325925925932,7.613909596111114,2408384992110.8105,2021-03-26T22:52:34.852Z,605e2cc16507f27280c38980,Alameda Research Portfolio,7.852694444444445,69008937721.92674,62,Alameda Research Portfolio,Alameda Research Portfolio
50.635999999999996,-1.874463689,2049172259.06,2021-03-26T22:42:42.005Z,605e2c96d41eae1066535f7b,LedgerPrime Portfolio,-1.5354100000000002,98335596.8592317,11,LedgerPrime Portfolio,LedgerPrime Portfolio
4.808952631578947,-7.210670177894738,2215995238450.211,2021-11-10T17:56:37.775Z,605e2c4bd41eae1066535f7a,Huobi Capital Portfolio,-7.095568421052633,59668852423.077484,22,Huobi Capital Portfolio,Huobi Capital Portfolio
784.076353846154,-4.349591507692308,349058451670.16003,2021-03-26T22:00:56.088Z,605e2befd41eae1066535f78,Hashkey Capital Portfolio,-3.999726923076923,24142302245.119854,31,Hashkey Capital Portfolio,Hashkey Capital Portfolio
5.1639750000000015,-5.013793478333333,2044681683412.1104,2021-03-26T21:54:35.334Z,605e2bbc6507f27280c3897f,Galaxy Digital Portfolio,-5.006499999999999,41938430891.830185,13,Galaxy Digital Portfolio,Galaxy Digital Portfolio
1584.8684846153847,-4.428194046153846,15549916423.439999,2021-03-26T21:51:48.508Z,605e2b84d41eae1066535f77,Fenbushi Capital Portfolio,-4.276315384615385,585631272.7638766,16,Fenbushi Capital Portfolio,Fenbushi Capital Portfolio
12253.68893125,0.6173681831250003,2229901211181.4907,2021-11-10T17:58:35.640Z,605e2b4dd41eae1066535f76,Framework Ventures Portfolio,-0.12766874999999978,60585245784.185265,17,Framework Ventures Portfolio,Framework Ventures Portfolio
1.842483333333333,-4.095592731666667,2227070445411.91,2021-03-26T21:44:18.374Z,605e2b2c6507f27280c3897e,Fabric Ventures Portfolio,-4.050522222222223,60104396216.04769,19,Fabric Ventures Portfolio,Fabric Ventures Portfolio
3.4330750000000005,-3.3261083443749997,2235437681223.83,2021-03-26T21:44:15.738Z,605e2b07d41eae1066535f75,Electric Global Portfolio,-3.73360625,61119603809.04758,16,Electric Global Portfolio,Electric Global Portfolio
15.197060869565217,-2.8342762330434774,2232630119118.4795,2021-03-26T21:34:54.534Z,605e2acf6507f27280c3897d,DragonFly Capital Portfolio,-3.2025565217391305,60535368952.99336,24,DragonFly Capital Portfolio,DragonFly Capital Portfolio
24.24067727272727,-4.935573207272728,2234548601360.3696,2021-03-26T21:28:13.816Z,605e2a98d41eae1066535f74,DCG Portfolio,-4.704586363636364,60724128383.61269,25,DCG Portfolio,DCG Portfolio
-3.9448399999999992,-5.780312164666667,13894942547.31,2021-03-26T21:21:40.037Z,605e2a78d41eae1066535f73,Coinfund Portfolio,-5.231073333333333,611872335.2210703,15,Coinfund Portfolio,Coinfund Portfolio
1640.2586,-6.259139502142858,10890833324.92,2021-11-10T18:03:21.779Z,605e2a4ed41eae1066535f72,DeFiance Capital Portfolio,-5.676964285714285,660189971.7880011,15,DeFiance Capital Portfolio,DeFiance Capital Portfolio
30.8457,-4.890186488275862,2314570374251.731,2021-03-26T21:14:27.160Z,605e2a01d41eae1066535f71,CMS Holdings Portfolio,-5.148010344827588,67045560773.39449,33,CMS Holdings Portfolio,CMS Holdings Portfolio
1292.9161125,-4.768784779375,2228222495000.36,2021-03-26T20:55:03.775Z,605e29ad6507f27280c3897c,BoostVC Portfolio,-4.2308125,60137517679.9338,16,BoostVC Portfolio,BoostVC Portfolio
5.614935000000001,-4.564928728500001,345273159460.80994,2021-03-26T20:50:42.678Z,605e2967d41eae1066535f70,Blockchain Capital Portfolio,-5.0997949999999985,24490318032.96093,21,Blockchain Capital Portfolio,Blockchain Capital Portfolio
1.5345916666666675,-3.6741664136111103,166642711748.69006,2021-11-10T16:56:14.614Z,605bc602972c9053da7021a9,Arrington XRP Capital Portfolio,-3.496163888888889,6129523195.118954,40,Arrington XRP Capital Portfolio,Arrington XRP Capital Portfolio
1479.7056718749998,-3.6298315446875007,205167485.51000005,2023-08-09T13:59:33.637Z,605b2279972c9053da7021a3,DAO Maker,-2.6526031249999993,21507598.282136902,41,DAO Maker,DAO Maker
141.58016249999997,-1.9496185860000002,512801204.24999994,2021-11-10T10:31:11.714Z,60552976146029573bcb74c2,Polkastarter,-1.8436650000000003,28330541.53757062,53,Polkastarter,Polkastarter
-38.884825,-3.1749625425,26683050007.52,2024-09-14T06:54:37.532Z,6053e11878714a47f3a8599a,ETH 2.0 Staking,-3.246,50236746.757578455,5,ETH 2.0 Staking,ETH 2.0 Staking
140.6727375,-4.453830063750001,1630827297.4199998,2023-08-09T13:50:51.740Z,6053e0ba78714a47f3a85999,Analytics,-3.93254375,220139276.93488142,24,Analytics,Analytics
1181.6259272727273,-3.8039859781818177,481750430.78000003,2023-08-09T13:51:00.279Z,6053e07478714a47f3a85998,Synthetics,-3.1090636363636364,57533272.9877501,37,Synthetics,Synthetics
145.67813725490194,-3.7364987847549025,11619235132.72,2023-08-09T13:47:10.042Z,6053dfb66be1bf5c15e865ee,Metaverse,-3.1861200980392184,1059927591.1337798,291,Metaverse,Metaverse
28.197852941176475,-3.5136808370588235,30617708022.869995,2024-09-14T06:49:07.397Z,6053df7b6be1bf5c15e865ed,Wrapped Tokens,-3.1659117647058816,2180203802.032637,36,Wrapped Tokens,Wrapped Tokens
320.9374276923077,-3.737630765076924,7418052874.559999,2023-08-09T13:48:50.260Z,6053df006be1bf5c15e865ec,Lending & Borrowing,-2.5969107692307696,722204366.8943034,78,Lending & Borrowing,Lending & Borrowing
-9.262227272727271,-4.0948810227272725,28215933.21,2023-08-09T13:52:34.050Z,6053de5078714a47f3a85996,Options,-3.776645454545455,1211565.16995311,14,Options,Options
-6.1310199999999995,-1.607042308,147608514.14999998,2023-08-09T13:54:14.056Z,6053dde66be1bf5c15e865eb,Tourism,-1.60704,14390282.866714321,23,Tourism,Tourism
-11.4354,-3.2091585400000002,121020256.58,2024-09-14T06:49:06.389Z,6053dd976be1bf5c15e865ea,DeFi Index,-0.7525333333333334,62185885.96043386,18,DeFi Index,DeFi Index
96882.83160656379,-7.307385532147684,631376934872.4491,2025-02-12T07:34:58.815Z,60521ff1df5d3f36b84fbb61,Solana Ecosystem,-1.8246733590733586,133374031189.68407,2467,Solana Ecosystem,Solana Ecosystem
408.36428783783794,-3.0906170179391896,597761018221.6198,2023-08-09T13:58:17.239Z,6051bc098a9b3f285eec4d40,Avalanche Ecosystem,-2.219830067567568,122376275345.64336,495,Avalanche Ecosystem,Avalanche Ecosystem
22.0695890625,-4.9687416001562505,2241788907324.028,2021-11-10T10:31:26.079Z,6051abf38a9b3f285eec4d3f,Binance Labs Portfolio,-4.3807140625,62056589831.76991,69,Binance Labs Portfolio,Binance Labs Portfolio
1.7310058823529417,-5.444688878235292,6618404790.390002,2023-08-09T13:45:19.098Z,6051abb18a9b3f285eec4d3e,Binance Launchpad,-5.365582352941177,644620143.7470741,38,Binance Launchpad,Binance Launchpad
100.91590625000002,-4.810609454375,126149801.12999998,2023-08-09T13:51:47.956Z,6051a82d66fc1b42617d6dd0,Insurance,-4.725287499999999,6593529.944667131,31,Insurance,Insurance
17.622584615384618,-1.8701799638461538,4432352033.4800005,2021-11-10T10:31:41.772Z,6051a82b66fc1b42617d6dce,Video,-3.759923076923077,193776800.55208576,21,Video,Video
52.78959999999999,4.806944374545454,2542552372.75,2021-11-10T10:33:02.197Z,6051a82a66fc1b42617d6dcd,Sharing Economy,-3.149136363636364,75524644.9629369,23,Sharing Economy,Sharing Economy
56.59091666666667,-4.264471742222223,30005444699.44,2021-11-10T10:33:10.761Z,6051a82866fc1b42617d6dca,Research,-4.557316666666667,1276120110.596127,31,Research,Research
337.98635384615386,-1.1575898488461538,224172914.10999998,2023-08-09T13:53:46.466Z,6051a82666fc1b42617d6dc8,Music,-0.4020846153846155,22037157.973512813,58,Music,Music
93206.01136121881,-4.11510718340103,65059283092.68003,2025-02-14T09:22:03.219Z,6051a82566fc1b42617d6dc6,Memes,-1.5580293811998127,6497486572.686868,3912,Memes,Memes
139.92486666666665,-0.4108637866666666,2633012.32,2021-11-10T10:34:31.356Z,6051a82466fc1b42617d6dc5,Jobs,0.1717,538222.20600202,11,Jobs,Jobs
30.97774242424242,-6.273308224848484,6971299747.420001,2023-08-09T13:49:26.917Z,6051a82366fc1b42617d6dc4,IoT,-3.697345454545454,298767531.14879286,65,IoT,IoT
806.5409249999999,-4.5210888025000004,2330282833.37,2021-11-10T10:34:43.814Z,6051a82266fc1b42617d6dc3,Identity,-3.9553249999999998,379101347.1961883,31,Identity,Identity
65.51797176470588,-3.1540345843529414,3312488875.6199994,2021-11-10T10:34:56.127Z,6051a82266fc1b42617d6dc2,Entertainment,-2.458958823529411,344368863.5427517,133,Entertainment,Entertainment
1654.7071245999998,47.45359693533999,13744502683.979998,2025-02-17T06:38:32.325Z,6051a82166fc1b42617d6dc1,Gaming,-2.8569074000000008,1970847130.8068051,890,Gaming,Gaming
10485.258234375,0.9564157062499998,4669308229.04,2021-11-10T10:35:12.354Z,6051a82066fc1b42617d6dc0,Filesharing,1.7662125,489788749.0684259,47,Filesharing,Filesharing
-29.446293333333337,-3.0693821666666676,79911241,2021-11-10T10:35:34.071Z,6051a81f66fc1b42617d6dbf,E-commerce,-3.0580600000000007,1815075.1843623999,31,E-commerce,E-commerce
43.140798,-3.9433479566000007,6742463009.530002,2021-11-10T10:35:39.931Z,6051a81d66fc1b42617d6dbb,Content Creation,-3.518456,576355211.1494118,91,Content Creation,Content Creation
-11.977253846153847,1.9882717576923084,1910345255.44,2021-11-10T10:37:17.504Z,6051a81c66fc1b42617d6dba,Loyalty,2.6454153846153847,101788469.08887509,25,Loyalty,Loyalty
101.48377450980392,-4.26284364284314,13509706819.780005,2023-08-09T13:47:31.296Z,6051a81b66fc1b42617d6db9,Distributed Computing,-3.515481372549019,984624894.7361456,130,Distributed Computing,Distributed Computing
49.80247740863785,-5.371803631395353,31761758173.139988,2025-02-18T07:23:05.867Z,6051a81a66fc1b42617d6db7,AI & Big Data,-3.5870132890365443,2065365364.6271818,405,AI & Big Data,AI & Big Data
5.180996666666667,-3.831956382,382567661.40000004,2023-08-09T13:50:36.141Z,6051a81966fc1b42617d6db6,Communications & Social Media,-2.3926966666666667,44516329.774820454,50,Communications & Social Media,Communications & Social Media
65.26784814814815,-4.339420192592592,3994409575.8200006,2021-11-10T10:38:43.796Z,6051a81866fc1b42617d6db5,VR/AR,-3.9852703703703702,152528265.38968566,37,VR/AR,VR/AR
1.0357,1.7731631650000002,0,2021-11-10T10:38:51.279Z,6051a81866fc1b42617d6db4,Transport,0,200835.11405294,5,Transport,Transport
-20.469581818181815,-3.0591434363636365,3031885145.94,2021-11-10T10:39:04.176Z,6051a81766fc1b42617d6db3,Logistics,-1.848909090909091,61369494.43134831,18,Logistics,Logistics
51.56341224489794,5.532665754081634,733729446.3399996,2023-08-09T13:50:22.112Z,6051a81666fc1b42617d6db2,Sports,6.4980408163265295,221156208.39888674,117,Sports,Sports
1226.0050860465117,-5.1124056668604645,17923024902.850002,2023-08-09T14:00:02.252Z,6051a81466fc1b42617d6db0,Cosmos Ecosystem,-3.4716709302325586,1074550905.063751,114,Cosmos Ecosystem,Cosmos Ecosystem
-16.504152631578947,-4.336496187368421,364909923.53999996,2021-11-10T10:39:30.318Z,6051a81466fc1b42617d6daf,Real Estate,-3.891747368421053,47070284.560627975,32,Real Estate,Real Estate
8.404939534883722,-1.9103067788372103,25901310236.920002,2021-11-10T10:39:37.676Z,6051a81066fc1b42617d6daa,Media,-3.7324767441860462,918336630.2787169,99,Media,Media
47.413576068376074,0.6580473283760687,126600473687.19998,2024-01-03T08:26:20.884Z,6051a80f66fc1b42617d6da9,Marketplace,2.384102564102564,3085405121.7721515,230,Marketplace,Marketplace
432.5768833333334,-6.893465778333334,76324466.52999999,2021-11-10T10:39:44.048Z,6051a80c66fc1b42617d6da6,Retail,-6.883766666666666,19112268.86364076,8,Retail,Retail
-0.1600333333333328,-2.7319528100000006,146821905.26,2021-11-10T10:39:51.167Z,6051a80c66fc1b42617d6da5,Hospitality,-2.7319333333333335,14387088.77743251,9,Hospitality,Hospitality
514.956147826087,-6.841713201304347,138270033.28000003,2021-11-10T10:39:57.824Z,6051a80b66fc1b42617d6da4,Health,-1.9155304347826085,9320129.067716539,35,Health,Health
443.60155312499995,-3.9154412031250003,306971463.24,2023-08-09T13:51:40.091Z,6051a80866fc1b42617d6da1,Gambling,-1.88125,35612114.2826298,107,Gambling,Gambling
30.15716666666667,18.78060451,18564711.34,2021-11-10T10:40:12.376Z,6051a80766fc1b42617d6d9f,Events,18.780633333333334,225577.61741004998,8,Events,Events
55.47529999999999,-1.54118239375,174272657.79000002,2021-11-10T10:40:18.888Z,6051a80666fc1b42617d6d9e,Energy,-2.259575,18058888.62467206,22,Energy,Energy
177.84432,-1.702246794,253962551.9,2021-11-10T10:48:36.283Z,6051a80566fc1b42617d6d9d,Education,-2.9107199999999995,20198681.945847098,24,Education,Education
51.25253529411765,-3.0647746288235296,231561999.32,2021-11-10T10:48:59.300Z,6051a80366fc1b42617d6d9a,Cybersecurity,-2.679482352941176,23276861.349898785,22,Cybersecurity,Cybersecurity
43.317615555555555,-1.0170107888888884,2037302848.6400006,2021-11-10T10:49:28.986Z,6051a80266fc1b42617d6d98,Asset Management,-1.8893888888888888,40445714.571479715,107,Asset Management,Asset Management
-6.0244374999999994,-2.885528330625,826820879.92,2021-11-10T10:49:48.043Z,6051a80066fc1b42617d6d96,Marketing,-2.6458875,84509706.21545595,38,Marketing,Marketing
264.44903936170215,-2.9599434041489365,1151428735.7099998,2021-11-10T10:49:55.807Z,604f277cebccdd50cd175fe0,Launchpad,-2.2053095744680844,86962250.4023885,142,Launchpad,Launchpad
23.088579069767434,-4.058899766356588,15704700656.289997,2023-08-09T13:44:55.838Z,604f277bebccdd50cd175fdf,Governance,-3.3200534883720936,1763243987.2805312,192,Governance,Governance
-5.552595,-5.682350685,5469149487.559999,2022-01-10T07:10:56.788Z,604f2778ebccdd50cd175fdd,Rollups,-5.2894499999999995,525437276.69735235,20,Rollups,Rollups
-5.452330952380953,-4.409163698809522,8167893185.880001,2023-08-09T13:43:03.052Z,604f2776ebccdd50cd175fdc,Layer 2,-3.8038119047619054,913197708.1164035,51,Layer 2,Layer 2
5.386871874999999,-4.852178702500001,2249171217570.0103,2021-11-10T10:50:04.888Z,604f2775ebccdd50cd175fdb,Polychain Capital Portfolio,-4.84288125,61572312777.669205,36,Polychain Capital Portfolio,Polychain Capital Portfolio
-8.351662500000002,-5.7791884275,2245730640377.2515,2021-11-10T10:50:14.385Z,604f2774ebccdd50cd175fda,Three Arrows Capital Portfolio,-5.804940625,61172984366.43715,35,Three Arrows Capital Portfolio,Three Arrows Capital Portfolio
2.5727576923076905,-3.8520933813461538,2286673950489.87,2021-11-10T10:50:19.934Z,604f2772ebccdd50cd175fd9,Coinbase Ventures Portfolio,-4.25725576923077,68944653173.8901,66,Coinbase Ventures Portfolio,Coinbase Ventures Portfolio
-19.072666666666667,-1.3851957677777778,25529156.33,2021-11-10T10:50:25.216Z,604f2771ebccdd50cd175fd8,Social Money,-1.2123888888888887,3023669.71157087,31,Social Money,Social Money
23.167074999999997,-4.64224693,12865804233.899996,2023-08-09T03:00:00.324Z,604f2770ebccdd50cd175fd7,Binance Launchpool,-4.499720833333332,1937537798.211388,56,Binance Launchpool,Binance Launchpool
70.616325,-4.22243462625,445369827.6,2024-09-14T06:55:04.270Z,604f276debccdd50cd175fd5,Yearn Partnerships,-3.3910249999999995,60019690.21384341,11,Yearn Partnerships,Yearn Partnerships
91.59421612903226,-2.258790701935484,787712400.5,2024-09-14T06:51:22.791Z,604f276cebccdd50cd175fd4,Yield Aggregator,-1.992477419354839,146250997.2672706,40,Yield Aggregator,Yield Aggregator
16.633554545454544,-3.185425989090909,860622434.66,2024-09-14T06:51:17.293Z,604f2769ebccdd50cd175fd2,Seigniorage,-2.0349454545454546,58024672.34855055,30,Seigniorage,Seigniorage
222.0834872340426,-1.872367595319149,183876864.58,2023-08-09T13:53:37.188Z,604f2768ebccdd50cd175fd1,Fan Token,-0.9239319148936169,150009855.64554244,96,Fan Token,Fan Token
-7.3924,-6.11198155,25057505.06,2022-08-16T06:02:10.608Z,604f2767ebccdd50cd175fd0,Tokenized Stock,-6.112,4384307.90122156,80,Tokenized Stock,Tokenized Stock
-8.19784,-0.24989027000000003,36302134.46000001,2024-09-14T06:51:13.438Z,604f2766ebccdd50cd175fcf,Rebase,-0.4173799999999999,1042365.36754546,38,Rebase,Rebase
364408.29495862074,-1.3977807851724138,336971255.54,2023-08-08T16:34:34.200Z,604f2763ebccdd50cd175fcd,Social Token,-0.015920689655172522,66778312.70504366,44,Social Token,Social Token
17.393,-3.86003584876923,10745686375.600004,2024-09-14T06:51:28.057Z,604f2762ebccdd50cd175fcc,AMM,-3.030833846153846,969637715.9946948,89,AMM,AMM
219.16296470588236,-3.3960423992436986,13440452078.229994,2024-09-14T06:51:28.927Z,604f2760ebccdd50cd175fcb,Yield Farming,-2.9863647058823526,1140384800.502777,257,Yield Farming,Yield farming
-4.667245454545455,-4.092478513863636,2629130840.16,2023-08-09T13:51:34.463Z,604f275bebccdd50cd175fc7,Wallet,-4.016727272727272,289786903.6131746,58,Wallet,Wallet
168.31311312500006,-1.7918535761875005,28714695697.239998,2021-11-10T11:25:42.336Z,604f275aebccdd50cd175fc6,DAO,-2.4319893749999997,2391374591.191491,266,DAO,DAO
1.878116666666667,6.446697732499999,431706531.72999996,2023-08-09T13:43:29.711Z,604f2755ebccdd50cd175fc2,Algorithmic Stablecoin,-0.6054749999999999,31379851.742923267,22,Algorithmic Stablecoin,Algorithmic Stablecoin
116.47332520325207,0.27530642512195125,230632770563.26993,2023-08-09T13:43:23.690Z,604f2753ebccdd50cd175fc1,Stablecoin,0.16047642276422758,100101121827.7674,199,Stablecoin,Stablecoin
29.511153146853136,-4.218846202167832,407027709100.54987,2023-08-09T13:43:10.990Z,604f2752ebccdd50cd175fc0,Smart Contracts,-3.87499020979021,27294777193.6155,203,Smart Contracts,Smart Contracts
14.046065909090911,-4.799568412045454,8142249360.410002,2021-11-10T11:25:58.092Z,604f274eebccdd50cd175fbd,Scaling,-4.8162318181818184,643842114.0585543,55,Scaling,Scaling
11.526130769230766,30.556047172307693,456095607.89,2023-08-09T13:52:21.232Z,604f274aebccdd50cd175fba,Prediction Markets,0.5875692307692307,12647201.46457275,22,Prediction Markets,Prediction Markets
347.0416214285714,-1.8660221838095234,16530306084.280005,2023-08-09T13:47:47.059Z,604f2749ebccdd50cd175fb9,Oracles,-1.6523928571428574,1013742108.9373438,55,Oracles,Oracles
22972.91798600001,0.8312124687999995,2897930702.2699995,2024-09-14T06:51:45.030Z,604f2747ebccdd50cd175fb8,Masternodes,1.529014000000001,158125247.0741782,152,Masternodes,Masternodes
11.500930508474575,-4.249037496779661,6752004669.29,2024-09-14T06:47:58.199Z,604f2746ebccdd50cd175fb7,Interoperability,-3.580694915254236,548192328.9228283,84,Interoperability,Interoperability
153.97112280701757,-4.539253375438597,7521620766.62,2023-08-09T13:46:12.303Z,604f2743ebccdd50cd175fb5,Zero Knowledge Proofs,-4.533419298245613,774037386.9959931,65,Zero Knowledge Proofs,Zero Knowledge Proofs
117.67320147058825,-2.388206014117648,8265559934.049998,2023-08-09T13:47:40.840Z,604f273debccdd50cd175fb0,Privacy,-1.9594205882352946,422799370.57459617,117,Privacy,Privacy
20.85971489361702,-3.2129738929787233,11165344954.28,2023-08-09T13:49:33.995Z,604f273aebccdd50cd175fae,Derivatives,-2.793412765957447,983440497.8732879,70,Derivatives,Derivatives
2750.8468121951214,-0.5468325333333347,26220104437.540005,2023-08-09T13:43:51.635Z,604f2738ebccdd50cd175fac,Decentralized Exchange (DEX) Token,-2.6399487804878046,2027730810.75821,200,Decentralized Exchange (DEX) Token,Decentralized Exchange (DEX) Token
9.38993,13.808566012250001,99825513446.71997,2023-08-09T13:43:53.695Z,604f2735ebccdd50cd175faa,Centralized Exchange (CEX) Token,15.350460000000002,2430990740.177496,94,Centralized Exchange (CEX) Token,Centralized Exchange (CEX) Token
12903.020937430789,11.847715311491317,83608799646.73,2023-08-09T13:59:47.270Z,60308028d2088f200c58a005,BNB Chain Ecosystem,0.31705895164267195,15044244395.688555,4370,Top BNB Chain Tokens by Market Capitalization,BNB Chain dual-chain architecture will empower its users to build their decentralized apps and digital assets on one blockchain and take advantage of the fast trading to exchange on the other.
386.7777587837835,54.69337704445948,21725088863.289997,2023-08-09T13:45:05.229Z,60291fa0db1be76c46298e83,NFTs & Collectibles,-2.7844254504504513,2153641659.393037,809,Top NFTs & Collectibles Tokens by Market Capitalization,A NFT (non-fungible token) is a special cryptographically-generated token that uses blockchain technology to link with a unique digital asset that cannot be replicated.
59.12960169491525,-5.144281713898305,9511662921.219992,2023-08-09T14:00:10.601Z,601cf8d2d8fd860e4ea5d96f,Polkadot Ecosystem,-2.945730508474576,434323999.2029674,79,Top Polkadot Tokens by Market Capitalization,"Polkadot is an open-source sharding multichain protocol that facilitates the cross-chain transfer of any data or asset types, not just tokens, thereby making a wide range of blockchains interoperable with each other."
7460.160468888889,-0.5596866933333335,5167259801.46,2023-08-09T13:48:02.585Z,5fb62da404d1dd4c73744883,Storage,0.6533088888888895,568301025.4326726,57,Top Storage Tokens by Market Capitalization,"In blockchain-based decentralized cloud storage, your data is encrypted and stored across a distributed network of nodes"
71210.75724847907,-3.4445874674524712,114364688557.20999,2023-08-09T13:44:12.667Z,5fb62883c9ddcc213ed13308,DeFi,-2.6380859315589356,6697318330.023759,820,Top DeFi Tokens by Market Capitalization,DeFi (decentralized finance) is the creation of an ecosystem of financial tools built on blockchain.
