name,current_price,market_cap,market_cap_rank,fully_diluted_valuation,total_volume,high_24h,low_24h,price_change_24h,price_change_percentage_24h,market_cap_change_24h,market_cap_change_percentage_24h,circulating_supply,total_supply,max_supply,ath,ath_change_percentage,ath_date,atl,atl_change_percentage,atl_date,last_updated,roi_times,roi_currency,roi_percentage,ath_year,ath_month,ath_day
36,97781.0,1942716505416,1,1942719935467,49896178474.0,98098.0,94120.0,1958.9,2.0443,44123239556.0,2.324,19823346.0,19823381.0,21000000.0,108786.0,-9.89036,1737364314494000000,67.81,144462.30123,1373068800000000000,1739400385542000000,7.30213639486036,3,730.213639486036,2025,1,20
73,2765.4,334591411004,2,334591411004,24003735259.0,2782.27,2565.92,157.35,6.03309,20257632728.0,6.44462,120543070.6736782,120543070.6736782,1000000000.0,4878.26,-43.00585,1636554259604000000,0.432979,642038.32244,1445299200000000000,1739400387157000000,36.79377565795439,0,3679.3775657954393,2021,11,10
232,2.48,143481543884,3,248365405217,4822053983.0,2.49,2.36,0.050957,2.09837,3556254140.0,2.54154,57762545657.0,99986504676.0,100000000000.0,3.4,-26.84901,1515283200000000000,0.00268621,92446.85051,1400716800000000000,1739400384178000000,7.30213639486036,3,730.213639486036,2018,1,7
199,0.999995,141952534193,4,141952534193,46327356558.0,1.0,0.999643,0.00015608,0.01561,96366394.0,0.06793,141953250507.8432,141953250507.8432,1000000000.0,1.32,-24.41645,1532390400000000000,0.572521,74.67348,1425254400000000000,1739400387904000000,7.30213639486036,3,730.213639486036,2018,7,24
25,700.95,102259685465,5,102259685465,2390417337.0,703.18,627.79,58.58,9.1198,8578463228.0,9.15708,145887575.79,145887575.79,200000000.0,788.84,-10.86365,1733308525220000000,0.0398177,1765814.27166,1508371200000000000,1739400384704000000,7.30213639486036,3,730.213639486036,2024,12,4
179,197.25,96776912844,6,117740458809,4912896612.0,198.34,190.01,-0.9526327441693354,-0.48063,239646120.0,0.24824,488177881.5117716,593925617.8001201,1000000000.0,293.31,-32.42519,1737285327957000000,0.500801,39477.58375,1589225723449000000,1739400385738000000,7.30213639486036,3,730.213639486036,2025,1,19
212,0.999902,56066118745,7,56066442473,5831698157.0,1.0,0.999848,1.71e-06,0.00017,-34332760.12573242,-0.0612,56071595009.84862,56071918768.62053,1000000000.0,1.17,-14.7327,1557276028300000000,0.877647,13.93365,1678521733981000000,1739400388492000000,7.30213639486036,3,730.213639486036,2019,5,8
66,0.265553,39373544361,8,39387394562,1876049736.0,0.266692,0.249699,0.01152428,4.5366,1859408547.0,4.95655,147968466383.7052,148020516383.7051,1000000000.0,0.731578,-63.56956,1620450503458000000,8.69e-05,306580.79828,1430870400000000000,1739400386782000000,7.30213639486036,3,730.213639486036,2021,5,8
47,0.8014,28784873121,9,36063098619,1203448596.0,0.805788,0.755641,0.01743807,2.22435,654676159.0,2.32731,35918136268.48197,45000000000.0,45000000000.0,3.09,-73.89929,1630562410474000000,0.01925275,4084.88638,1584066175044000000,1739400390616000000,7.30213639486036,3,730.213639486036,2021,9,2
116,2768.08,26085889543,10,26086357468,161339028.0,2781.03,2565.99,157.77,6.04396,1573572790.0,6.41952,9395077.099640151,9395245.627119929,1000000000.0,4829.57,-42.42691,1636555247256000000,482.9,475.80344,1608610101854000000,1739400384818000000,7.30213639486036,3,730.213639486036,2021,11,10
196,0.243582,20972532426,11,20972546200,868481974.0,0.245698,0.236015,0.0014812,0.61181,122910156.0,0.58951,86100453669.73969,86100510217.38632,1000000000.0,0.431288,-43.37564,1733271040323000000,0.00180434,13434.81322,1510444800000000000,1739400386787000000,127.20112427285721,2,12720.112427285721,2024,12,4
228,97580.0,12635043340,12,12635043340,921311736.0,98094.0,94405.0,1820.31,1.90091,302752200.0,2.45496,129138.42002211,129138.42002211,129138.42002211,108368.0,-9.67983,1737357387137000000,3139.17,3017.95594,1554163200000000000,1739400388948000000,7.30213639486036,3,730.213639486036,2025,1,20
49,19.3,12315934312,13,19300947943,754747529.0,19.4,17.83,0.565531,3.01851,356191919.0,2.97826,638099970.4505637,1000000000.0,1000000000.0,52.7,-63.21167,1620605637214000000,0.148183,12982.58773,1511913600000000000,1739400385744000000,7.30213639486036,3,730.213639486036,2021,5,10
190,3.63,11224259592,14,36327907097,1789556126.0,3.65,3.12,0.302582,9.08733,925898682.0,8.99074,3089707194.508888,10000000000.0,10000000000.0,5.35,-31.74674,1736031378063000000,0.364846,900.20375,1697712030078000000,1739400386534000000,7.30213639486036,3,730.213639486036,2025,1,4
20,26.83,11117303037,15,12151910250,463489716.0,26.98,24.59,1.48,5.82604,665012180.0,6.36236,411940179.2238334,450276480.6835007,720000000.0,144.96,-81.38492,1637504336538000000,2.8,863.37096,1609420521540000000,1739400383129000000,7.30213639486036,3,730.213639486036,2021,11,21
230,3319.44,10972111011,16,10972111011,83276409.0,3319.31,3061.99,207.47,6.66696,524489162.0,5.02018,3342835.45705282,3342835.45705282,1000000000.0,7256.02,-54.74253,1652454594509000000,558.54,487.94191,1652405805053000000,1739400388800000000,7.30213639486036,3,730.213639486036,2022,5,13
189,0.334363,10254448617,17,16743780565,332068162.0,0.335016,0.311326,0.01336676,4.16415,452777393.0,4.61939,30622758850.35479,50001786894.45016,50001786894.45016,0.875563,-61.73704,1514937600000000000,0.00047612,70263.34815,1425513600000000000,1739400386099000000,7.30213639486036,3,730.213639486036,2018,1,3
177,1.719e-05,10161534074,18,10165903233,429951801.0,1.728e-05,1.552e-05,1.49e-06,9.46961,908471866.0,9.81807,589253898412081.8,589507260155307.8,1000000000.0,8.616e-05,-79.99415,1635393295568000000,5.6366e-11,30579829.15512,1606562785838000000,1739400384738000000,7.30213639486036,3,730.213639486036,2021,10,28
208,3.8,9513827326,19,19538494622,182009190.0,3.82,3.63,0.054041,1.44276,158030179.0,1.68912,2494118593.745965,5122157577.541907,1000000000.0,8.25,-53.75046,1718411811509000000,0.519364,634.98678,1632184391092000000,1739400386876000000,7.30213639486036,3,730.213639486036,2024,6,15
118,123.83,9372410645,20,9372504493,1392658995.0,124.36,112.24,3.15,2.61231,294977979.0,3.24957,75525176.98347135,75525933.23347135,84000000.0,410.26,-69.74988,1620616387904000000,1.15,10702.53235,1421193600000000000,1739400390500000000,7.30213639486036,3,730.213639486036,2021,5,10
113,9.79,9069993400,21,9669691367,693884.0,9.94,9.74,-0.0128600955819777,-0.13112,5515683.0,0.06085,924136609.9,985239504.0,1000000000.0,9.95,-1.26094,1739141142188000000,0.799859,1127.68651,1577200475376000000,1739400389987000000,7.30213639486036,3,730.213639486036,2025,2,9
91,0.235334,9006764237,22,11768156753,359394594.0,0.236183,0.215827,0.00632972,2.76402,228869840.0,2.60734,38267523224.49103,50000000000.0,50000000000.0,0.569229,-58.50443,1631702428318000000,0.00986111,2295.31652,1577986224852000000,1739400389196000000,7.30213639486036,3,730.213639486036,2021,9,15
214,0.999528,8526914971,23,8526914971,19679726.0,1.006,0.996032,-0.0003018296644903,-0.03019,107441337.0,1.27611,8523912437.702795,8523912437.702795,1000000000.0,1.057,-5.38021,1730180451197000000,0.948265,5.50172,1727961568826000000,1739400389776000000,7.30213639486036,3,730.213639486036,2024,10,29
94,25.35,8474781829,24,25378811679,163918622.0,25.41,22.77,1.85,7.89485,644587630.0,8.23208,333928180.0,999990391.0,1000000000.0,34.96,-27.71255,1734839760276000000,3.81,563.50546,1732872630871000000,1739400389285000000,7.30213639486036,3,730.213639486036,2024,12,22
223,2770.58,8225227564,25,8225227564,1182969365.0,2788.24,2573.8,162.63,6.23581,497628566.0,6.43963,2962660.65795653,2962660.65795653,1000000000.0,4799.89,-41.92195,1636416000000000000,82.1,3295.33293,1544832000000000000,1739400388958000000,7.30213639486036,3,730.213639486036,2021,11,9
156,5.27,8045451533,26,8045451533,429282163.0,5.3,4.79,0.449757,9.33851,694850305.0,9.45297,1522267060.0,1522267060.0,1000000000.0,54.98,-90.38671,1636035009301000000,2.7,95.94298,1597902491359000000,1739400384149000000,7.30213639486036,3,730.213639486036,2021,11,4
39,6.05,7237384354,27,7237384354,386797732.0,6.36,5.75,-0.3118680458644043,-4.90253,-380715251.8118973,-4.99751,1199999994.2,1199999994.2,2000000000.0,8.45,-28.66652,1735299684992000000,0.0142795,42113.72625,1593058625895000000,1739400383758000000,7.30213639486036,3,730.213639486036,2024,12,27
37,344.98,6857801487,28,6857805810,197074259.0,346.21,324.37,12.26,3.6848,266738489.0,4.04697,19828531.14665078,19828543.64665078,21000000.0,3785.82,-90.85579,1513728000000000000,76.93,349.96992,1544918400000000000,1739400384311000000,7.30213639486036,3,730.213639486036,2017,12,20
216,10.06,6059235144,29,10090601067,320542893.0,10.08,9.16,0.623716,6.61164,403062054.0,7.12606,600483073.71,1000000000.0,1000000000.0,44.92,-77.5438,1620019504822000000,1.03,879.14736,1600305638214000000,1739400386879000000,7.30213639486036,3,730.213639486036,2021,5,3
71,0.998898,6004997859,30,6004997859,77127852.0,1.003,0.989567,-0.0016216089977003,-0.16208,-12525585.315538406,-0.20815,6003671238.163104,6003671238.163104,1000000000.0,1.032,-3.22448,1703086714596000000,0.929486,7.45755,1728028635809000000,1739400386248000000,7.30213639486036,3,730.213639486036,2023,12,20
229,2936.73,5629922218,31,5629922218,21877776.0,2953.74,2726.43,174.79,6.32857,362532201.0,6.88258,1914266.346920314,1914270.76155884,1000000000.0,4311.81,-31.88588,1733517145758000000,2231.18,31.6325,1704684928624000000,1739400388885000000,7.30213639486036,3,730.213639486036,2024,12,6
121,5.76,5624181046,32,10458565156,322324947.0,5.95,5.61,-0.103424247438121,-1.76283,-82335041.38477898,-1.44283,972067923.74,1807629525.75,1000000000.0,6.41,-9.76072,1738937468824000000,0.01726188,33409.504,1697131509068000000,1739400390513000000,7.30213639486036,3,730.213639486036,2025,2,7
146,1.4,4421928721,33,13997398569,332763518.0,1.41,1.3,0.050875,3.76995,168664041.0,3.96552,3159107529.0,10000000000.0,10000000000.0,2.14,-34.44275,1734309360777000000,0.082171,1607.44886,1705580070524000000,1739400381725000000,7.30213639486036,3,730.213639486036,2024,12,16
155,1.01e-05,4260063653,34,4260063653,1046363849.0,1.015e-05,9.22e-06,5.00756e-07,5.21576,211796472.0,5.23178,420690000000000.0,420690000000000.0,420690000000000.0,2.803e-05,-63.89882,1733761835828000000,5.5142e-08,18249.77413,1681784081591000000,1739400382714000000,7.30213639486036,3,730.213639486036,2024,12,9
133,223.96,4138388201,35,4138388201,55521749.0,227.97,218.87,2.05,0.92459,46464682.0,1.13552,18446744.07370955,18446744.07370955,1000000000.0,542.33,-58.55419,1515456000000000000,0.216177,103875.69623,1421193600000000000,1739400390859000000,7.30213639486036,3,730.213639486036,2018,1,9
137,3.44,4095048326,36,4271367002,301493647.0,3.46,3.14,0.20249,6.25728,263004782.0,6.8633,1184006188.0,1234985416.0,1000000000.0,20.44,-83.07849,1642370985873000000,0.526762,556.54622,1604506155137000000,1739400391201000000,7.30213639486036,3,730.213639486036,2022,1,16
224,27.37,3945194448,37,9073340380,32948389.0,27.56,27.06,0.03740637,0.13683,5404049.0,0.13717,144118517.10815412,331450421.0,400000000.0,29.08,-5.67085,1737643935951000000,3.06,795.82849,1676314881899000000,1739400388291000000,7.30213639486036,3,730.213639486036,2025,1,23
7,257.33,3902447819,38,4142844633,370232673.0,259.24,233.61,11.93,4.86279,204559274.0,5.53179,15071568.121257324,16000000.0,16000000.0,661.69,-60.82909,1621372799514000000,26.02,895.9981,1604568011928000000,1739400382819000000,7.30213639486036,3,730.213639486036,2021,5,18
99,7.44,3590337535,39,3957304479,127359629.0,7.47,6.91,0.309202,4.33699,167081970.0,4.88079,480857424.9662177,530005667.5096091,1000000000.0,700.65,-98.93389,1620662753653000000,2.87,160.71926,1695342597369000000,1739400389545000000,7.30213639486036,3,730.213639486036,2021,5,10
13,6.2,3569424478,40,7073513726,274603700.0,6.21,5.82,0.325148,5.533,179081813.0,5.28212,575166501.5313247,1139805077.452606,1000000000.0,19.92,-68.71976,1674743117390000000,3.08,102.32347,1672349714796000000,1739400384400000000,7.30213639486036,3,730.213639486036,2023,1,26
125,1.054,3554774989,41,6570662675,132044567.0,1.057,1.002,0.0357698,3.51176,125987586.0,3.67441,3364694382.83684,6219316794.99,6219316794.99,1.54,-31.51923,1712569525482000000,0.307978,242.14272,1697597446942000000,1739400390386000000,7.30213639486036,3,730.213639486036,2024,4,8
60,0.999659,3482116526,42,3478764889,224612371.0,1.0,0.998877,-1.643286440811e-06,-0.00016,-667293.1032094955,-0.01916,3483377477.701721,3480024627.256405,1000000000.0,1.22,-17.98829,1584068570373000000,0.88196,13.34594,1678521050514000000,1739400386711000000,7.30213639486036,3,730.213639486036,2020,3,13
40,412.14,3384128507,43,8650601548,232292152.0,416.65,377.64,-3.3058131410105034,-0.79572,-18923311.17373228,-0.55607,8215232.0,21000000.0,21000000.0,757.6,-45.53044,1709837136466000000,30.83,1238.51605,1684054673732000000,1739400383941000000,7.30213639486036,3,730.213639486036,2024,3,7
245,1.038,3257975899,44,3257975899,442024.0,1.051,1.016,-0.0004326203181479,-0.04166,5554443.0,0.17078,3132267708.570715,3132267708.570715,1000000000.0,1.088,-3.58239,1738549895208000000,0.961716,9.06972,1735953668460000000,1739400385342000000,7.30213639486036,3,730.213639486036,2025,2,3
74,21.51,3251273278,45,3251285413,150943259.0,21.64,19.93,1.29,6.3776,209449522.0,6.88566,150726515.6183324,150727078.1783065,210700000.0,167.09,-87.05897,1620326062133000000,0.615038,3415.64854,1469404800000000000,1739400386559000000,46.809622987811444,2,4680.962298781144,2021,5,6
142,51.97,3118101253,46,12262332569,10240542.0,52.41,49.59,1.19,2.34709,72245783.0,2.37194,60000000.0,235957685.3,300000000.0,73.8,-29.53505,1710376212502000000,0.580608,8857.07429,1547424000000000000,1739400381519000000,7.30213639486036,3,730.213639486036,2024,3,14
144,15.42,3101527384,47,15507637318,949125166.0,15.51,14.63,-0.0098622845693903,-0.06392,9804794.0,0.31713,199999994.9,1000000000.0,1000000000.0,73.43,-78.99,1737287434806000000,4.29,259.56526,1737171629231000000,1739400381943000000,7.30213639486036,3,730.213639486036,2025,1,19
218,0.03553675,2890561113,48,3069023769,64905837.0,0.03579891,0.03201583,0.0021592,6.46902,187022471.0,6.91769,80985041177.0,85985041177.0,86712634466.0,0.280991,-87.25855,1618794501675000000,0.00191713,1767.49388,1584066599652000000,1739400387804000000,3.4942519624191317,1,349.42519624191317,2021,4,19
86,22.53,2837418054,49,6765665579,21566008.0,22.58,21.16,0.632047,2.88587,89067132.0,3.24075,125815473.19980882,300000000.0,1000000000.0,25.94,-13.03973,1737774457823000000,0.25754,8658.62827,1584065882481000000,1739400387742000000,7.30213639486036,3,730.213639486036,2025,1,25
151,0.330172,2833639331,50,3429769123,102201576.0,0.330602,0.302029,0.02085689,6.74293,191950564.0,7.26621,8560894181.240446,10361901110.26989,1000000000.0,1.29,-74.36196,1710356106692000000,0.269234,22.60906,1738548692978000000,1739400386459000000,7.30213639486036,3,730.213639486036,2024,3,13
58,0.095118,2604783061,51,2862477274,30353464.0,0.095519,0.089448,0.00228835,2.46512,74327698.0,2.93732,27299253186.35323,30000000000.0,1000000000.0,0.965407,-90.10868,1637769234855000000,0.0121196,687.90965,1549584000000000000,1739400390247000000,7.30213639486036,3,730.213639486036,2021,11,24
106,0.099906,2570974138,52,2571074264,94825493.0,0.099925,0.089308,0.00272868,2.80794,65913473.0,2.63121,25691495527.19072,25692496073.10266,28704026601.0,0.207411,-51.74541,1722472847164000000,0.00017105,58412.46643,1653576179316000000,1739400389604000000,7.30213639486036,3,730.213639486036,2024,8,1
10,0.303236,2554999606,53,2557473162,169309228.0,0.304404,0.279634,0.01330336,4.58843,112754283.0,4.61683,8425769198.25977,8433926387.423662,10000000000.0,3.56,-91.45223,1561042279480000000,0.087513,247.83115,1694461328247000000,1739400383535000000,-0.8736515154881905,2,-87.36515154881906,2019,6,20
51,97797.0,2496927364,54,2496927364,437911055.0,98247.0,94583.0,1865.69,1.94481,73522109.0,3.03383,25519.86423001,25519.86423001,1000000000.0,108953.0,-10.25883,1737364853854000000,57439.0,70.22572,1726150061775000000,1739400390293000000,7.30213639486036,3,730.213639486036,2025,1,20
167,4.69,2437379286,55,2506869314,121422394.0,4.71,4.25,0.209859,4.68771,117379359.0,5.05946,517716590.0562826,532476763.3362826,1000000000.0,13.53,-65.19544,1710693024636000000,0.03665669,12750.8324,1592313745900000000,1739400383832000000,7.30213639486036,3,730.213639486036,2024,3,17
103,0.866882,2296814452,56,6095933638,198794291.0,0.871359,0.799583,0.04317554,5.24162,120443988.0,5.53417,2637438888.89,6999978785.383593,10000000000.0,2.0,-56.6682,1706713367304000000,0.457464,89.44478,1708540265083000000,1739400389761000000,7.30213639486036,3,730.213639486036,2024,1,31
207,28.0,2239897807,57,2800012293,20330058.0,28.17,27.56,0.01905678,0.06811,895284.0,0.03999,79995999.05112354,100000000.0,100000000.0,50.43,-44.30641,1735931563038000000,0.111255,25145.69641,1556409600000000000,1739400386441000000,95.38596533551859,2,9538.59653355186,2025,1,3
56,5.07,2214894676,58,2214925055,171282370.0,5.09,4.57,0.346097,7.33361,155664328.0,7.55935,435911407.156629,435917385.982159,1000000000.0,44.45,-88.54409,1642379681497000000,1.16,338.93681,1584066464591000000,1739400385247000000,49.6542284370509,2,4965.42284370509,2022,1,17
79,3.5,2211693959,59,6887063364,211208063.0,3.52,3.2,0.154166,4.61262,112799252.0,5.37422,629323270.0,1959669519.0,1959669519.0,236.84,-98.51381,1617283781564000000,2.64,33.28048,1671230728552000000,1739400386466000000,7.30213639486036,3,730.213639486036,2021,4,1
14,0.502033,2192247448,60,5046769805,280073843.0,0.506628,0.455707,0.03873926,8.3617,176441733.0,8.75291,4343862574.0,10000000000.0,10000000000.0,2.39,-78.82373,1705062599231000000,0.38247,32.34319,1738548662489000000,1739400384595000000,7.30213639486036,3,730.213639486036,2024,1,12
17,0.827312,2155112844,61,2245732227,204682682.0,0.830577,0.721949,0.066979,8.80919,174804557.0,8.82714,2604959126.672,2714493896.672,2714493896.672,3.45,-75.95282,1711646478050000000,0.00816959,10067.28008,1584066258347000000,1739400386549000000,8.54223272411699,2,854.2232724116991,2024,3,28
80,0.997513,2049428113,62,2049428113,6904156657.0,1.011,0.980881,-0.001028405315556,-0.10299,6901367.0,0.33788,2043514572.28817,2043514572.28817,1000000000.0,1.15,-13.2427,1738549849959000000,0.940377,6.21962,1733437851394000000,1739400387015000000,7.30213639486036,3,730.213639486036,2025,2,3
120,98492.0,1942937890,63,1943035877,2997463.0,98177.0,94467.0,3421.3,3.5987,94768411.0,5.12769,19828.38209159,19829.38209159,1000000000.0,114576.0,-14.46997,1738633664052000000,52119.0,88.02343,1725656512094000000,1739400390134000000,7.30213639486036,3,730.213639486036,2025,2,4
182,0.550252,1750050805,64,1750050805,214186895.0,0.554213,0.449945,0.096611,21.29674,306903086.0,21.26623,3175000000.0,3175000000.0,1000000000.0,1.029,-47.21499,1736026544705000000,0.359647,51.09449,1738548697229000000,1739400385466000000,7.30213639486036,3,730.213639486036,2025,1,4
48,3.28,1728871735,65,3629088704,116375451.0,3.29,3.0,0.03422647,1.05581,34641118.0,2.04465,525160806.554321,1102369315.068165,1000000000.0,20.85,-84.2843,1707575402495000000,2.08,57.27671,1698765271951000000,1739400384698000000,7.30213639486036,3,730.213639486036,2024,2,10
78,3.94,1690659415,66,3432773017,49690213.0,4.0,3.9,0.00726173,0.18454,618563.0,0.0366,428845394.6,870742437.0,1000000000.0,4.0,-1.19051,1739379632861000000,0.398142,892.06442,1674296139503000000,1739400386171000000,7.30213639486036,3,730.213639486036,2025,2,12
34,2760.05,1671893879,67,1671893879,81653590.0,2774.23,2551.43,147.33,5.63882,93303670.0,5.91057,604999.999959841,604999.999959841,1000000000.0,4098.26,-33.72197,1733516847286000000,2171.8,25.06894,1725656572910000000,1739400383952000000,7.30213639486036,3,730.213639486036,2024,12,6
31,204.8,1574809139,68,1570712534,17410538.0,205.31,196.84,-0.0730627981473333,-0.03566,-18327612.62596321,-1.15041,7680673.843400527,7660693.843400527,1000000000.0,297.96,-31.76983,1737286253744000000,127.32,59.67223,1726673414531000000,1739400384419000000,7.30213639486036,3,730.213639486036,2025,1,19
108,2853.93,1573613057,69,1573613057,2152577.0,2853.96,2663.92,151.64,5.61167,59479629.0,3.9283,560241.8502494467,560241.8502494467,1000000000.0,4216.2,-32.30964,1733517076142000000,2069.62,37.89764,1706019953609000000,1739400389673000000,7.30213639486036,3,730.213639486036,2024,12,6
115,1.73,1556842114,70,1737671057,244290630.0,1.76,1.49,0.13874,8.73523,132729461.0,9.32015,895936033.47191,1000000000.0,1000000000.0,7.3,-76.18591,1629448520158000000,0.40615,328.19478,1655585712035000000,1739400390101000000,7.30213639486036,3,730.213639486036,2021,8,20
166,5.34,1555800978,71,2968607871,171214246.0,5.35,4.83,0.00140823,0.0264,-1002814.3459920884,-0.06441,290866823.959339,555000000.0,555000000.0,16.83,-68.21988,1631478023998000000,0.134391,3880.54607,1672352153927000000,1739400383462000000,7.30213639486036,3,730.213639486036,2021,9,12
149,1.14,1550441913,72,4926391609,204359891.0,1.15,1.038,0.070544,6.58489,100447816.0,6.92746,1351719035.0,4294967296.0,4294967296.0,4.84,-76.326,1709714150817000000,0.402159,185.17114,1655585692178000000,1739400381953000000,7.30213639486036,3,730.213639486036,2024,3,6
110,12.42,1522478407,73,1770829449,179729.0,12.45,12.05,0.273516,2.25227,34973426.0,2.35115,122606967.8513356,142606967.8513356,1000000000.0,28.83,-57.06908,1638371375541000000,0.342863,3509.87739,1549497600000000000,1739400389887000000,7.30213639486036,3,730.213639486036,2021,12,1
183,0.996256,1513013020,74,1513027015,45686190.0,1.002,0.907372,0.061885,6.62314,97713399.0,6.90408,1512839907.65159,1512853900.71847,1818000000.0,3.86,-74.04863,1711974898342000000,0.04559639,2099.39453,1584066566415000000,1739400385897000000,7.30213639486036,2,730.213639486036,2024,4,1
180,97242.0,1479464564,75,1479534221,9215139.0,97638.0,94261.0,1541.91,1.61119,53320569.0,3.73879,15152.59108681883,15153.30451114681,21000000.0,108929.0,-10.72926,1737357439296000000,49058.0,98.21921,1722839325311000000,1739400386931000000,7.30213639486036,3,730.213639486036,2025,1,20
231,0.093921,1476129986,76,3572840408,42632347.0,0.094418,0.089676,0.00312315,3.43968,51943189.0,3.64722,15688095938.7,37971630974.7,1000000000.0,0.192754,-51.10404,1629520788324000000,0.00039532,23741.30251,1563753600000000000,1739400388828000000,3.512902880641028,1,351.2902880641028,2021,8,21
98,14.93,1461462951,77,1495451263,132528505.0,14.94,13.6,0.583516,4.06699,59893377.0,4.27331,97727220.33,100000000.0,1000000000.0,52.62,-71.59672,1710428782124000000,0.657401,2173.49812,1604420370576000000,1739400389566000000,7.30213639486036,3,730.213639486036,2024,3,14
97,0.834917,1459761123,78,1674229674,51325340.0,0.836147,0.758896,0.0486515,6.18767,89109629.0,6.50126,1743800322.389814,2000000000.0,2000000000.0,9.52,-91.20354,1637888581536000000,0.378055,121.50678,1672472197649000000,1739400389546000000,7.30213639486036,3,730.213639486036,2021,11,26
206,1.45,1451435182,79,1451435182,30083422.0,1.45,1.3,0.077534,5.65728,84544450.0,6.18517,1000000000.0,1000000000.0,1000000000.0,15.72,-90.75365,1618578911190000000,0.04039979,3497.79005,1584066256483000000,1739400386173000000,8.653672051373826,2,865.3672051373827,2021,4,16
70,0.455157,1431261030,80,6863189755,282553747.0,0.456076,0.4045,0.01111867,2.50399,48428016.0,3.50209,3128125000.0,15000000000.0,1000000000.0,1.52,-70.03305,1712841315057000000,0.195078,133.14211,1725656688253000000,1739400390571000000,7.30213639486036,3,730.213639486036,2024,4,11
43,1.835e-05,1416984347,81,1631219286,155653264.0,1.845e-05,1.687e-05,6.93394e-07,3.92609,51464873.0,3.76889,77200550164588.67,88872559916022.84,88872559916022.84,5.825e-05,-68.41297,1732075266465000000,8.6142e-08,21259.38172,1672354126755000000,1739400384856000000,7.30213639486036,3,730.213639486036,2024,11,20
202,0.146558,1405826475,82,1588313561,56752368.0,0.147354,0.134549,0.00753039,5.41647,77222793.0,5.81233,9548531509.16547,10788004319.0,10788004319.0,2.84,-94.81442,1613114925775000000,0.052051,183.08467,1669111503503000000,1739400386002000000,7.30213639486036,3,730.213639486036,2021,2,12
171,3111.69,1398453738,83,1398453738,10727485.0,3124.85,2890.17,183.64,6.2717,89045796.0,6.80046,447451.9288288594,447451.9288288594,1000000000.0,4814.31,-35.09315,1638345830749000000,887.26,252.18593,1655585745957000000,1739400384262000000,7.30213639486036,3,730.213639486036,2021,12,1
139,1.36,1360123179,84,1360123179,11067421.0,1.37,1.28,0.04451019,3.38323,44912256.0,3.41483,1000000000.0,1000000000.0,1000000000.0,4.07,-66.40136,1620830267535000000,0.04515276,2927.01951,1536796800000000000,1739400391284000000,12.60123178774014,2,1260.123178774014,2021,5,12
164,93.35,1357668185,86,1364045418,45637510.0,93.62,85.2,3.65,4.06942,51697587.0,3.95856,14544176.164091088,14612493.0,14612493.0,427.42,-78.09688,1631351700668000000,0.215773,43287.58816,1534982400000000000,1739400384483000000,13.503896361396622,1,1350.3896361396623,2021,9,11
135,0.564694,1357594009,85,5656641706,115926918.0,0.569546,0.52104,0.02107539,3.87687,53164955.0,4.07573,2400000000.0,10000000000.0,10000000000.0,1.45,-61.07479,1733803551093000000,0.497641,13.40709,1739154626108000000,1739400391120000000,7.30213639486036,3,730.213639486036,2024,12,10
128,2920.92,1338822798,87,1338822798,18597639.0,2936.5,2707.15,166.54,6.04625,80195175.0,6.37164,455360.4490881712,455360.9125229668,1000000000.0,4729.53,-38.23407,1711517187333000000,2142.02,36.37788,1702896092686000000,1739400390483000000,7.30213639486036,3,730.213639486036,2024,3,27
225,1.29,1314384338,88,12992718368,239586229.0,1.3,1.19,0.04541438,3.63974,59559539.0,4.74644,1011631515.893162,10000000000.0,10000000000.0,11.74,-88.96801,1710029442330000000,0.973104,33.10223,1694590604064000000,1739400389086000000,7.30213639486036,3,730.213639486036,2024,3,10
81,0.02119468,1247402788,89,2183258941,10090887.0,0.02124717,0.01993211,0.00076164,3.72747,47742862.0,3.9797,58862458911.48003,103023651194.0458,1000000000.0,0.150073,-85.86035,1673320445921000000,0.00827405,156.4619,1697686541663000000,1739400388921000000,7.30213639486036,3,730.213639486036,2023,1,10
217,0.996519,1157070548,90,1157070548,21560179.0,1.002,0.993992,-0.0022755758873773,-0.22783,-1703903.8137004375,-0.14704,1158986196.446378,1158986196.446378,1000000000.0,1.33,-24.7621,1720772939311000000,0.976415,2.15215,1737392835786000000,1739400386518000000,7.30213639486036,3,730.213639486036,2024,7,12
101,0.02310866,1123612002,91,1160276747,83443729.0,0.02321724,0.02114218,0.00095287,4.30079,45218519.0,4.19314,48419999999.3058,50000000000.0,50000000000.0,4.79,-99.51542,1613447612207000000,0.00275026,743.98389,1672346469113000000,1739400389551000000,7.30213639486036,3,730.213639486036,2021,2,16
62,18.8,1080317850,93,1825722417,14953534.0,19.15,17.8,-0.3146761262959856,-1.64624,-11070280.1569252,-1.01433,57103774.56313077,96504599.33609451,1000000000.0,32.38,-41.57881,1615210197935000000,0.671563,2716.9109,1604691100144000000,1739400385285000000,7.30213639486036,3,730.213639486036,2021,3,8
176,0.243321,1078379415,92,2432815851,85181242.0,0.244506,0.218727,0.0152734,6.69745,65833861.0,6.50182,4432638888.0,10000000000.0,1000000000.0,1.14,-78.58183,1710556223904000000,0.095364,155.9743,1697702730655000000,1739400384373000000,7.30213639486036,3,730.213639486036,2024,3,16
85,0.02425183,1046876879,94,1046876926,149226571.0,0.02434732,0.02190093,0.0016087,7.10457,75919298.0,7.81901,42996897981.5305,42996899912.60799,50000000000.0,0.824837,-97.04782,1637888628731000000,0.00013475,17971.10697,1609145208367000000,1739400387641000000,7.30213639486036,3,730.213639486036,2021,11,26
181,96598.0,1027706467,95,1027706467,5097032.0,96982.0,93897.0,1583.43,1.66652,16481204.0,1.62983,10625.38213362784,10625.38213362784,21000000.0,117077.0,-17.45467,1737357349114000000,11402.13,747.57196,1725991123974000000,1739400384617000000,7.30213639486036,3,730.213639486036,2025,1,20
67,0.664182,1011930490,96,1400932123,143147521.0,0.668753,0.614918,0.0351088,5.58104,59652931.0,6.26424,1516885789.1746,2100000000.0,2100000000.0,22.71,-97.0571,1524988233540000000,0.402746,65.95329,1730757359771000000,1739400386475000000,-0.32910904753668174,2,-32.91090475366817,2018,4,29
204,0.40811,1003244390,97,1230543328,134853147.0,0.410073,0.374649,0.01571389,4.0046,43895924.0,4.5756,2445857126.2233224,3000000000.0,3000000000.0,8.4,-95.11642,1637820280957000000,0.02897764,1315.10629,1604505554441000000,1739400386462000000,7.30213639486036,3,730.213639486036,2021,11,25
129,249.95,982076878,98,992933572,50935889.0,251.23,240.44,-0.6888036799283839,-0.27482,-823343.7776455879,-0.08377,3923262.0,3966633.0,3966633.0,363.77,-31.15678,1737285962862000000,8.93,2704.30319,1672346733039000000,1739400390950000000,7.30213639486036,3,730.213639486036,2025,1,19
76,0.00010055,979008325,99,1012183569,199692651.0,0.00010122,8.901e-05,7.51e-06,8.07504,80029087.0,8.90222,9672240831804.0,10000000000000.0,10000000000000.0,0.00034495,-70.63995,1717572359137000000,8.428e-08,120067.95901,1625533880438000000,1739400386528000000,7.30213639486036,3,730.213639486036,2024,6,5
201,0.918332,945814698,100,964465286,35582166.0,0.922343,0.849908,0.051337,5.9212,52983515.0,5.93433,1029926489.567812,1050235684.076553,1000000000.0,9.12,-89.88222,1633308078025000000,0.350476,163.16865,1544140800000000000,1739400386066000000,0.953898378329737,2,95.3898378329737,2021,10,4
75,28.0,931180608,101,2807671285,136930336.0,28.13,24.89,2.7,10.68246,94564262.0,11.30318,33165585.054507963,100000000.0,100000000.0,83.4,-66.40374,1636597201099000000,6.69,318.76709,1697682900861000000,1739400386509000000,7.30213639486036,3,730.213639486036,2021,11,11
221,1.4,914330362,102,1410964418,308146841.0,1.42,1.2,0.071029,5.33944,51009006.0,5.90846,648018015.3461365,1000000000.0,1000000000.0,5.07,-72.32196,1735798538599000000,0.00748604,18626.7982,1706043321653000000,1739400388323000000,7.30213639486036,3,730.213639486036,2025,1,2
96,0.250037,911974506,103,1155225455,47233102.0,0.252455,0.223315,0.01515775,6.45344,60611782.0,7.11938,3631397410.0,4600000000.0,1000000000.0,5.25,-95.19301,1513641600000000000,0.081637,209.05964,1584066161168000000,1739400389492000000,0.9073390504033746,0,90.73390504033746,2017,12,19
102,3.0,881943635,104,3008500320,72349620.0,3.01,2.6,0.385027,14.73959,112335061.0,14.59639,293150587.0,1000000000.0,1000000000.0,6.01,-50.16234,1701965088717000000,1.45,106.35678,1704684883146000000,1739400389674000000,7.30213639486036,3,730.213639486036,2023,12,7
168,2867.96,878979611,106,878979611,4127427.0,2870.19,2672.22,168.84,6.25523,54567976.0,6.61902,304802.4560350579,304802.4560350579,1000000000.0,4207.05,-31.77667,1733517039115000000,2198.04,30.57944,1706256599848000000,1739400383722000000,7.30213639486036,3,730.213639486036,2024,12,6
35,8.91307e-07,877898205,105,881405002,22938665.0,8.92246e-07,8.58912e-07,1.3474e-08,1.53487,11831389.0,1.36611,986061142857000.0,990000000000000.0,990000000000000.0,3.43e-06,-74.00224,1642737631909000000,3.65368e-07,144.15712,1697173841241000000,1739400384166000000,7.30213639486036,3,730.213639486036,2022,1,21
124,1028.96,861749600,107,889503737,116160700.0,1033.11,947.44,71.47,7.46483,61951364.0,7.74587,835767.3438431288,862684.6777999232,1005577.0,6292.31,-83.5809,1620078869333000000,168.36,513.65894,1584391956527000000,1739400390455000000,7.30213639486036,3,730.213639486036,2021,5,3
82,0.536308,841411794,108,841411794,39359494.0,0.536797,0.492925,0.02459515,4.80643,43161191.0,5.40697,1563712953.484012,1563712953.484012,1000000000.0,42.4,-98.73036,1617630550098000000,0.391969,37.3301,1694461266528000000,1739400386684000000,7.30213639486036,3,730.213639486036,2021,4,5
215,19113.57,840134046,109,1923776509,9739558.0,19576.67,18802.04,6.5,0.034,6263042.0,0.75108,43671.083511,100000.0,100000.0,20506.0,-6.71168,1695778185604000000,2038.41,838.46695,1718188362600000000,1739400386264000000,7.30213639486036,3,730.213639486036,2023,9,27
227,698.25,831359099,110,831359099,641010946.0,705.19,627.18,55.15,8.57564,63399251.0,8.25554,1187366.054144496,1187366.054144496,1000000000.0,789.32,-11.26612,1733308540754000000,23.6,2867.38662,1600955320532000000,1739400389157000000,7.30213639486036,3,730.213639486036,2024,12,4
138,11.72,828500711,111,1174678450,41254869.0,11.73,10.7,0.759798,6.93157,57274310.0,7.42639,70530000.0,100000000.0,1000000000.0,198.38,-94.09173,1515974400000000000,0.078349,14859.77956,1477008000000000000,1739400391219000000,324.58896233969614,2,32458.89623396961,2018,1,15
38,41.03,816300214,112,816303946,29480071.0,41.17,38.32,1.62,4.11347,36389748.0,4.66589,19824131.25,19824240.625,21000000.0,489.75,-91.58775,1618592944630000000,21.43,92.20618,1686371532266000000,1739400383780000000,7.30213639486036,3,730.213639486036,2021,4,16
104,214.29,813807024,113,813807024,11140583.0,215.25,205.89,-0.5161504943533259,-0.24029,14172501.0,1.77237,3789741.439219344,3789741.439219344,1000000000.0,309.67,-30.80137,1737285748048000000,114.32,87.45013,1722857781655000000,1739400389528000000,7.30213639486036,3,730.213639486036,2025,1,19
105,0.134639,788955017,114,788955042,22509823.0,0.134934,0.128924,0.00413283,3.16678,25916722.0,3.39652,5856641747.106198,5856641936.044253,1000000000.0,0.406698,-67.12888,1733184692242000000,0.113064,18.2397,1730756765335000000,1739400389570000000,7.30213639486036,3,730.213639486036,2024,12,3
15,97634.0,786497604,115,786497604,184423268.0,98431.0,93906.0,1976.84,2.06659,16758896.0,2.17722,8047.51705678,8047.51705678,1000000000.0,108397.0,-9.26498,1737364313545000000,49594.0,98.31805,1722864613831000000,1739400382714000000,7.30213639486036,3,730.213639486036,2025,1,20
172,1.26,782830385,116,1263873755,31465818.0,1.27,1.13,0.113017,9.86345,73282933.0,10.32812,619389698.9641546,1000000000.0,1000000000.0,4.45,-71.57976,1711429958487000000,0.196601,543.37363,1669059391487000000,1739400383850000000,7.30213639486036,3,730.213639486036,2024,3,26
162,0.214539,781964863,117,2157151123,40185485.0,0.215728,0.194461,0.01370645,6.8248,54061035.0,7.42695,3624988786.43857,10000000000.0,10000000000.0,1.2,-82.04827,1710572475357000000,0.171792,25.01675,1738967581993000000,1739400383678000000,7.30213639486036,3,730.213639486036,2024,3,16
148,0.02338601,761506637,118,1130196286,226947075.0,0.02469039,0.0189818,0.00238243,11.34299,79452134.0,11.64894,32612721993.242672,48402437326.51888,48402437326.51888,0.184139,-87.2982,1653651924820000000,0.0007055,3215.22888,1697055122910000000,1739400384767000000,7.30213639486036,3,730.213639486036,2022,5,27
152,2.58,753029080,119,980195081,736088450.0,2.73,1.9,0.624293,31.9833,184893560.0,32.54392,291323932.0261286,379207513.7929145,450000000.0,43.96,-94.117,1619777302934000000,0.194441,1230.19429,1604413774165000000,1739400390406000000,7.30213639486036,3,730.213639486036,2021,4,30
213,0.999208,740759172,120,740759172,8962172.0,1.002,0.995314,-0.0014034539300444,-0.14026,-723733.6192700863,-0.09761,739848621.1161304,739848621.1161304,1000000000.0,1.052,-4.86423,1698101125398000000,0.928067,7.82155,1655655311558000000,1739400386664000000,7.30213639486036,3,730.213639486036,2023,10,23
173,0.789855,740351744,121,740351744,41127071.0,0.795426,0.649864,0.065626,9.06153,69831889.0,10.41459,930993088.596461,930993088.596461,1000000000.0,1.72,-54.09394,1737319574970000000,0.00131808,59897.18398,1707073939110000000,1739400386496000000,7.30213639486036,3,730.213639486036,2025,1,19
59,0.558868,721340231,122,1251821300,202563223.0,0.563135,0.50008,0.02446754,4.5785,34464227.0,5.01753,1282528021.0,2225712397.437977,3303030299.0,15.37,-96.33484,1597363200000000000,0.180354,212.39134,1722858086119000000,1739400385669000000,7.30213639486036,3,730.213639486036,2020,8,14
200,2895.79,715721786,123,715721786,5630833.0,2913.59,2850.16,-2.454728550211712,-0.0847,3348705.0,0.47008,246524.33,246524.33,1000000000.0,2933.01,-1.00542,1739240855898000000,1447.84,100.54161,1584625541821000000,1739400386582000000,7.30213639486036,3,730.213639486036,2025,2,11
23,4.48,712584913,124,1213391780,44523843.0,4.49,4.23,0.208125,4.86929,35332416.0,5.21702,158562081.7070611,270000000.0,270000000.0,164.9,-97.27434,1636226969482000000,0.123718,3532.89375,1604649943662000000,1739400383771000000,7.30213639486036,3,730.213639486036,2021,11,6
127,2921.73,687590516,125,687590516,6401617.0,2934.41,2715.81,164.38,5.96164,39722439.0,6.13125,234925.3483295421,234925.3483295421,1000000000.0,4298.87,-33.19946,1734375450480000000,2476.46,15.95859,1730757340653000000,1739400390384000000,7.30213639486036,3,730.213639486036,2024,12,16
33,0.264846,680456661,126,680456661,3546817.0,0.265978,0.247604,0.01055845,4.15217,28622752.0,4.39111,2564000000.0,2564000000.0,1000000000.0,0.480585,-44.75444,1733632658676000000,0.04955727,435.74726,1655585787223000000,1739400383609000000,7.30213639486036,3,730.213639486036,2024,12,8
136,23.91,669730096,128,669730096,29817574.0,23.98,22.05,1.009,4.4031,29992412.0,4.68824,27921977.0,27921977.0,31415926.0,545.64,-95.60504,1637663606737000000,6.51,268.55555,1602035093554000000,1739400386032000000,7.30213639486036,3,730.213639486036,2021,11,23
92,3.77,668757863,127,840685181,8271028.0,3.86,3.59,-0.0048058420748935,-0.12732,766915.0,0.11481,177394590.4600469,223000000.0,223000000.0,54.88,-93.10467,1636758505301000000,0.113248,3241.30652,1587169150902000000,1739400388905000000,7.30213639486036,3,730.213639486036,2021,11,12
112,2772.89,657407221,129,657203606,875726384.0,2781.38,2575.67,160.32,6.13654,39616516.0,6.41261,236783.2303869936,236709.8927126763,1000000000.0,4096.05,-33.78775,1733516767826000000,2160.5,25.53038,1725656552860000000,1739400390490000000,7.30213639486036,3,730.213639486036,2024,12,6
161,0.01038234,654609612,130,798983395,135704945.0,0.01046944,0.00935462,0.00043444,4.36716,31424443.0,5.04255,62860396090.0,76724221271.99486,88888888888.0,0.068447,-84.77138,1734440722873000000,0.00934174,11.57976,1739138737812000000,1739400383338000000,7.30213639486036,3,730.213639486036,2024,12,17
30,5.97,645912811,131,3004061919,288324822.0,6.09,5.44,0.203369,3.52874,27748050.0,4.48878,107513853.0594515,500033853.5431175,1000000000.0,14.83,-59.54177,1738851361862000000,4.79,25.27506,1739156482311000000,1739400387902000000,7.30213639486036,3,730.213639486036,2025,2,6
188,0.248022,640350437,133,2479982766,74228383.0,0.248844,0.227361,0.01308238,5.56839,33123262.0,5.45484,2582076157.577993,10000000000.0,10000000000.0,4.41,-94.3707,1708430713556000000,0.192648,28.96993,1738548654316000000,1739400385318000000,7.30213639486036,3,730.213639486036,2024,2,20
63,0.342381,639570262,132,750901910,66491568.0,0.343796,0.315015,0.01693212,5.20271,31962102.0,5.26031,1868010000.70193,2193179327.320146,2193179327.320146,5.85,-94.12796,1637834658534000000,0.00923681,3619.49539,1509408000000000000,1739400385269000000,16.11902670763287,2,1611.902670763287,2021,11,25
8,0.836212,638036436,135,1250324816,38107173.0,0.837719,0.748713,0.04575473,5.78838,34736890.0,5.75782,761633490.32918,1492531146.42326,1000000000.0,2.32,-63.87541,1733580038622000000,1.861e-05,4497402.83671,1697505830860000000,1739400381452000000,7.30213639486036,3,730.213639486036,2024,12,7
236,0.574615,633489134,134,633489134,345964089.0,0.582425,0.426131,0.0439011,8.27208,46147088.0,7.85694,1099999184.221421,1099999184.221421,1099999958.01,2.47,-77.27369,1735800696053000000,0.010189,5398.36168,1730646563068000000,1739400381672000000,7.30213639486036,3,730.213639486036,2025,1,2
83,0.995199,632662220,136,632662220,9154109.0,1.001,0.978617,-0.0019656915533072,-0.19713,942828.0,0.14925,634433438.165934,634433438.165934,1000000000.0,1.14,-12.39623,1612702535766000000,0.874536,14.24091,1678521039316000000,1739400388246000000,7.30213639486036,3,730.213639486036,2021,2,7
18,9.6,628339400,137,628339400,64870833.0,9.61,8.79,0.27902,2.99356,18493806.0,3.03254,65454185.5381511,65454185.5381511,66000000.0,89.24,-89.22681,1636085682689000000,0.298788,3117.49288,1580453256543000000,1739400382686000000,11.972543926599386,2,1197.2543926599387,2021,11,5
247,0.997353,621850017,138,621850017,119559.0,1.003,0.991832,-0.0031390434944099,-0.31375,-1941180.2354336977,-0.31119,624387634.3147511,624387634.3147511,1000000000.0,1.057,-5.48091,1733521343559000000,0.944423,5.81447,1738788654140000000,1739400386394000000,7.30213639486036,3,730.213639486036,2024,12,6
241,0.616337,617653659,139,617653659,583468707.0,0.630577,0.561824,-0.0051236887487088,-0.82446,-6101309.664200664,-0.97816,998926392.0,998926392.0,998926392.0,4.83,-87.22937,1711877698366000000,0.00155464,39538.88705,1702451630873000000,1739400386102000000,7.30213639486036,3,730.213639486036,2024,3,31
50,0.06461,610740198,140,610745992,92469319.0,0.06496,0.057902,0.0061968,10.60862,62388683.0,11.3775,9402435153.0,9402524345.0,1000000000.0,0.878633,-92.60688,1615622661200000000,0.00410887,1480.92983,1569628800000000000,1739400385270000000,1.9368069519940514,2,193.68069519940514,2021,3,13
154,3.68,606935671,141,952216239,114464068.0,3.7,3.33,0.04930377,1.35791,9045295.0,1.51287,164731609.4572796,258446028.2446348,258446028.2446348,7.5,-50.68615,1712823936646000000,0.03377729,10854.8517,1668456958336000000,1739400382650000000,7.30213639486036,3,730.213639486036,2024,4,11
77,0.598558,600124631,142,600124631,202747708.0,0.601548,0.487495,0.03876547,6.92498,34644799.0,6.12662,999995328.401604,999995328.401604,1000000000.0,2.48,-76.46498,1737319267782000000,0.02002855,2812.85748,1730274964381000000,1739400386944000000,7.30213639486036,3,730.213639486036,2025,1,19
150,2915.58,599602507,143,599602507,39331142.0,2940.87,2876.92,4.63,0.15893,-4007025.302280069,-0.66384,205123.827,205123.827,1000000000.0,2945.24,-0.75632,1739240851986000000,1399.64,108.83648,1574046575959000000,1739400387250000000,7.30213639486036,3,730.213639486036,2025,2,11
240,0.808616,595725357,145,595727234,49401522.0,0.814964,0.729505,0.059699,7.97141,48095853.0,8.78255,732646138.4314383,732648447.5003961,1000000000.0,4.52,-82.09682,1709849951131000000,0.61662,31.19623,1738548663593000000,1739400386952000000,7.30213639486036,3,730.213639486036,2024,3,7
157,0.32968,593758039,144,3296815434,8736162.0,0.331586,0.300945,0.02062706,6.67429,36910708.0,6.62851,1801004791.3914285,10000000000.0,10000000000.0,2.92,-88.62976,1640570914307000000,0.00314376,10447.43559,1557446400000000000,1739400390593000000,124.35354487140152,2,12435.354487140152,2021,12,27
54,0.120228,593451969,146,674475541,54003333.0,0.120851,0.109441,0.00577668,5.04727,31097118.0,5.5298,4921764189.177008,5593729130.145668,1000000000.0,1.7,-92.90477,1616816615178000000,0.02199898,448.56575,1672388190345000000,1739400386345000000,7.30213639486036,3,730.213639486036,2021,3,27
153,0.998475,590438604,147,590438604,42467120.0,1.007,0.993554,-0.0024535011874445,-0.24512,7026605.0,1.2044,589270550.553564,589270550.553564,1000000000.0,1.021,-2.06162,1698101097056000000,0.959426,4.19704,1733437873430000000,1739400382529000000,7.30213639486036,3,730.213639486036,2023,10,23
243,2737.4,588864680,148,6158652759,47589.0,2744.07,2563.2,125.47,4.80371,19615129.0,3.44579,214530.7585333891,2243675.472874383,1000000000.0,5307.23,-48.42072,1722960990007000000,2155.76,26.98237,1707391590368000000,1739400385898000000,7.30213639486036,3,730.213639486036,2024,8,6
16,2768.18,577895022,149,576259757,622463458.0,2794.46,2555.76,158.65,6.07946,24326547.0,4.3945,208517.8457387176,207927.8044542563,1000000000.0,4097.16,-33.23638,1733516545030000000,2161.12,26.57368,1725656679238000000,1739400383180000000,7.30213639486036,3,730.213639486036,2024,12,6
28,0.01084884,572452734,150,665984728,43467165.0,0.01089171,0.00970457,0.00086709,8.68671,49039504.0,9.36918,52561007898.0,61148853857.0,61148853857.0,0.04416304,-75.40265,1710067222381000000,0.0043383,150.3961,1698567614064000000,1739400384020000000,7.30213639486036,3,730.213639486036,2024,3,10
244,94052.0,564663844,151,564663844,131678.0,95355.0,90597.0,3400.45,3.75111,21301427.0,3.9203,5996.02134993,5996.02134993,1000000000.0,107240.0,-14.02858,1734448092148000000,48890.0,88.57783,1722864681320000000,1739400383139000000,7.30213639486036,3,730.213639486036,2024,12,17
170,0.9993,563877964,152,563877964,3554849.0,1.007,0.984557,0.00054239,0.05431,5305508.0,0.94983,563354892.2341074,563354892.2341074,1000000000.0,1.022,-1.92906,1738248761281000000,0.979619,2.30133,1731595688660000000,1739400384227000000,7.30213639486036,3,730.213639486036,2025,1,30
95,29.33,549086660,154,2877566454,56266.0,29.97,28.05,0.784877,2.7497,16628645.0,3.123,18700000.0,98000000.0,100000000.0,29.97,-2.62476,1739392595044000000,2.16,1248.98985,1730233686400000000,1739400389360000000,7.30213639486036,3,730.213639486036,2025,2,12
197,0.00703641,547844742,155,704091612,3583085.0,0.00715796,0.0067952,-4.6354658694962e-05,-0.65447,-1516086.0669298172,-0.27597,77808730200.74,100000000000.0,1000000000.0,0.064483,-89.02808,1620693144043000000,6.474e-05,10828.94494,1584066287992000000,1739400386039000000,6.036413273078729,2,603.6413273078729,2021,5,11
12,0.758735,547338652,153,758665902,105925775.0,0.762736,0.694566,0.050544,7.13713,36944420.0,7.23841,721448863.0,1000000000.0,1000000000.0,26.7,-97.14774,1651182261164000000,0.482009,57.97744,1722840311515000000,1739400383946000000,7.30213639486036,3,730.213639486036,2022,4,28
107,0.503166,546663612,156,546663612,46738159.0,0.505408,0.466726,0.02903257,6.12329,33475802.0,6.52311,1082853808.0,1082853808.0,1000000000.0,9.12,-94.46183,1630321802948000000,0.247359,104.19459,1722839254050000000,1739400389634000000,7.30213639486036,3,730.213639486036,2021,8,30
122,0.00599766,540838905,157,540838905,1570500.0,0.0064148,0.00568952,-0.0003631468159098,-5.70913,-32909443.570296645,-5.73587,89999918509.65903,89999918509.65903,90000000000.0,0.00923668,-35.78525,1737135669740000000,3.4e-06,174343.01647,1724434470905000000,1739400390538000000,7.30213639486036,3,730.213639486036,2025,1,17
242,2.705e-05,537245244,158,537246938,25413002.0,2.708e-05,2.54e-05,8.63202e-07,3.29694,17240761.0,3.3155,19824242172583.0,19824304672583.0,21000000000000.0,0.00038001,-92.8664,1630775371137000000,1.847e-05,46.77187,1626814186212000000,1739400385678000000,7.30213639486036,3,730.213639486036,2021,9,4
226,0.185385,532574170,159,1862345610,48372752.0,0.186233,0.167791,0.01142257,6.56612,36111239.0,7.2737,2859695683.0,10000000000.0,10000000000.0,1.66,-88.81944,1712144795308000000,0.158932,16.61764,1738910748628000000,1739400388719000000,7.30213639486036,3,730.213639486036,2024,4,3
53,58.98,528265396,160,595574477,85016529.0,59.72,54.55,2.84,5.0497,30295218.0,6.08374,8869846.119822735,10000000.0,10000000.0,910.54,-93.44161,1620786548794000000,25.74,131.99766,1686413705289000000,1739400385634000000,7.30213639486036,3,730.213639486036,2021,5,12
5,0.45727,527513380,161,531721597,30879917.0,0.480844,0.403019,-0.0215808973685964,-4.50681,-21458058.615271628,-3.90878,1147403329.169904,1156556694.285722,1000000000.0,2.65,-82.69994,1617450934211000000,0.01099588,4070.72081,1694632842446000000,1739400381717000000,7.30213639486036,3,730.213639486036,2021,4,3
55,0.553679,520195073,162,1161846461,42832800.0,0.556982,0.521751,0.00991588,1.82357,9873288.0,1.93472,940235815.1333368,2100000000.0,2100000000.0,6.14,-90.97702,1675860939828000000,0.334237,65.85186,1698974455441000000,1739400384944000000,7.30213639486036,3,730.213639486036,2023,2,8
29,0.075091,519146938,163,745773006,4072287.0,0.075978,0.074578,-0.000659028554415,-0.87,-3997486.593640387,-0.76413,6913573387.141611,9931593593.391611,1000000000.0,0.450785,-83.28187,1545004800000000000,0.00027519,27286.17817,1572606312090000000,1739400383123000000,-0.6996361162229927,2,-69.96361162229927,2018,12,17
234,32.61,518657287,164,518669218,42127446.0,33.35,30.78,-0.4398266790130876,-1.33074,-6023355.882383883,-1.148,15895165.7905448,15895531.4155448,21000000.0,3191.93,-98.97436,1477699200000000000,16.08,103.59195,1720153349321000000,1739400389062000000,7.30213639486036,3,730.213639486036,2016,10,29
169,0.00923335,512328876,165,927206531,37514319.0,0.00926116,0.00827809,0.00051473,5.90379,31490838.0,6.54916,55255097920.0,100000000000.0,100000000000.0,0.117424,-92.11377,1618595102062000000,0.00121354,663.07897,1584356948151000000,1739400383658000000,7.393950218041234,2,739.3950218041234,2021,4,16
195,1.43,504880802,166,611004736,183107353.0,1.44,1.32,0.079269,5.85046,28228941.0,5.92234,352032408.0,426028218.0,500000000.0,20.87,-93.08832,1621384209436000000,0.00851264,16843.0406,1569628800000000000,1739400386547000000,36.74180048355295,2,3674.1800483552947,2021,5,19
64,0.200856,504769439,167,2019077755,37136514.0,0.202935,0.169128,0.01543205,8.3226,41534176.0,8.96611,2500000000.0,10000000000.0,10000000000.0,0.341085,-41.63845,1737231757904000000,0.01073218,1754.81684,1728912898507000000,1739400385419000000,7.30213639486036,3,730.213639486036,2025,1,18
9,2.0,495177587,168,496868820,9594408.0,2.0,1.84,0.081141,4.23548,20969132.0,4.42192,247443076.710739,248288195.807791,388539008.0,8.07,-75.18622,1617735588484000000,0.164994,1114.41183,1669062653727000000,1739400384182000000,7.30213639486036,3,730.213639486036,2021,4,6
11,0.00585473,494865961,170,585564626,27122030.0,0.00587634,0.0055256,0.00022652,4.02474,19104599.0,4.01558,84231346590.2867,99669205039.99,99669205039.99,0.120813,-95.13734,1623859421147000000,0.00140933,316.84327,1697132443384000000,1739400382184000000,7.30213639486036,3,730.213639486036,2021,6,16
21,97755.0,494139343,171,494145141,36140603.0,97855.0,94126.0,1704.68,1.77478,6717708.0,1.37821,5047.1310792,5047.19029763,1000000000.0,108820.0,-10.02678,1737357745522000000,7806.11,1154.25756,1677819702603000000,1739400383642000000,7.30213639486036,3,730.213639486036,2025,1,20
209,0.995764,493417041,169,493417041,42213352.0,1.004,0.984855,-0.0015175393045542,-0.15217,-549182.00076437,-0.11118,495516083.0,495516083.0,1000000000.0,1.62,-38.2835,1535316069375000000,0.88355,13.05411,1584010071380000000,1739400386587000000,7.30213639486036,3,730.213639486036,2018,8,26
239,97473.0,487366150,172,487366150,1041.76,97670.0,93903.0,2391.43,2.51513,11207859.0,2.35381,5000.0,5000.0,1000000000.0,104078.0,-6.34554,1738622167016000000,86592.0,12.56546,1738548643764000000,1739394841858000000,7.30213639486036,3,730.213639486036,2025,2,3
2,0.01092254,481793645,173,1079405684,28399979.0,0.01120531,0.01019099,0.00041117,3.91168,20703088.0,4.49003,44110025195.95,98823661261.46,100000000000.0,0.01647294,-33.73294,1555673287342000000,3.8e-06,286802.22938,1665455538937000000,1739400391065000000,3.5510595617725165,2,355.10595617725164,2019,4,19
46,0.468554,466272070,174,466272070,5070270.0,0.468041,0.417607,0.00374905,0.80659,1316889.0,0.28323,998922002.907972,998922002.907972,1000000000.0,0.804342,-42.11456,1734403834546000000,0.0005008,92871.55943,1596992970174000000,1739400384394000000,7.30213639486036,3,730.213639486036,2024,12,17
88,179.58,465501725,175,539276763,10236355.0,179.97,172.12,5.02,2.87762,14391558.0,3.19025,2589589.0,3000000.0,3000000.0,644.2,-72.08438,1636392809302000000,6.88,2512.29662,1584066251825000000,1739400388267000000,7.30213639486036,3,730.213639486036,2021,11,8
134,2.05,460106792,176,2052594733,38070386.0,2.06,1.85,0.146306,7.69191,32939650.0,7.71119,224158614.61680183,1000000000.0,1000000000.0,4.17,-50.82541,1737117979818000000,0.713151,187.57979,1732499743353000000,1739400390971000000,7.30213639486036,3,730.213639486036,2025,1,17
44,0.04577143,457499224,177,457499224,44983918.0,0.04622383,0.0412246,0.00218193,5.00564,23862004.0,5.50276,9909947996.696636,9909947996.696636,9999998988.0,0.234204,-80.45503,1733070678357000000,0.00084753,5301.01862,1709196024951000000,1739400383526000000,7.30213639486036,3,730.213639486036,2024,12,1
246,97551.0,456060670,178,456060670,6847925.0,98282.0,94468.0,1922.1,2.00997,17535639.0,3.99878,4641.7331569,4641.7331569,1000000000.0,108501.0,-9.4182,1737364227997000000,10104.3,872.67293,1600819200000000000,1739400387590000000,7.30213639486036,3,730.213639486036,2025,1,20
198,8.233e-05,453809923,179,537511534,54042606.0,8.291e-05,7.419e-05,7.19e-06,9.56841,43753356.0,10.67008,5491620434275.009,6504505900673.323,1000000000.0,119.18,-99.99993,1649161498854000000,9.99967e-07,8166.38334,1652409280340000000,1739400385924000000,7.30213639486036,3,730.213639486036,2022,4,5
6,4.55506e-07,451615623,180,456124143,30511859.0,4.57031e-07,4.4534e-07,3.429e-09,0.75847,3681315.0,0.82184,990105682877398.0,999990000000000.0,999990000000000.0,7.53e-06,-93.94143,1630800647823000000,2.98737e-07,52.71376,1686371405717000000,1739400382317000000,7.30213639486036,3,730.213639486036,2021,9,5
131,0.368292,449144201,182,449268695,27695961.0,0.370163,0.339817,0.02047975,5.88816,26896704.0,6.36989,1214332102.840039,1214668690.840039,1000000000.0,9.09,-95.92735,1622511757064000000,0.292578,26.53632,1738548657535000000,1739400380135000000,7.30213639486036,3,730.213639486036,2021,6,1
165,85.75,447428969,183,860440325,681473.0,86.04,82.78,1.52,1.80378,8851433.0,2.01821,5200000.0,10000000.0,10000000.0,105.74,-18.90141,1731339352890000000,0.228366,37451.44284,1710842903098000000,1739400383337000000,7.30213639486036,3,730.213639486036,2024,11,11
22,0.489677,447384771,181,582465233,18042392.0,0.49143,0.441481,0.04054629,9.02773,38165685.0,9.32647,914097791.449871,1190094562.711256,1000000000.0,2.64,-81.43193,1709284805541000000,0.312911,56.88901,1698338119041000000,1739400383093000000,7.30213639486036,3,730.213639486036,2024,3,1
185,2745.96,445703435,184,445703435,6137177.0,2766.33,2554.7,175.96,6.84662,30406475.0,7.32162,161179.7194666344,161179.7194666344,1000000000.0,3453.2,-22.79705,1737317176641000000,2329.53,14.44244,1738548936824000000,1739400384821000000,7.30213639486036,3,730.213639486036,2025,1,19
69,1.78,438577652,185,3062260282,138740546.0,1.8,1.52,0.131339,7.97283,52762949.0,13.67572,244494078.4888257,1707119601.650353,1000000000.0,5.65,-68.4954,1734407130422000000,1.52,17.06304,1739377878419000000,1739400387132000000,7.30213639486036,3,730.213639486036,2024,12,17
191,2770.85,422498456,186,422503661,397038.0,2768.38,2569.27,157.96,6.04532,18961170.0,4.69874,152313.0431343561,152314.919495202,1000000000.0,4099.87,-34.54044,1734375445332000000,2170.26,23.66039,1725657909839000000,1739400385313000000,7.30213639486036,3,730.213639486036,2024,12,16
45,0.998675,418973636,187,418975082,31407751.0,1.003,0.996209,-0.0017933738570868,-0.17925,-356677.81934028864,-0.08506,419454086.667607,419455534.950368,1000000000.0,1.028,-2.80225,1713077414967000000,0.975633,2.39609,1709142028349000000,1739400386225000000,7.30213639486036,3,730.213639486036,2024,4,14
52,3021.84,416452687,190,1130741598,12181329.0,3025.31,2808.63,175.53,6.16674,24096808.0,6.14157,137646.4522757197,373734.0982232124,1000000000.0,4434.57,-31.64863,1734375335938000000,1036.96,192.30642,1668037543665000000,1739400384922000000,7.30213639486036,3,730.213639486036,2024,12,16
68,7.62,415914952,188,846210119,9886058.0,7.63,6.93,0.324531,4.44954,16586854.0,4.15369,54611462.7623,111111111.0,111111111.0,28.0,-72.7368,1710739582707000000,1.19,540.38912,1684979417283000000,1739400389660000000,7.30213639486036,3,730.213639486036,2024,3,18
233,0.112957,415879987,189,2376457071,57075429.0,0.113013,0.101115,0.00662789,6.2334,24466173.0,6.25072,3675000000.0,21000000000.0,21000000000.0,0.320983,-65.29383,1718610280385000000,0.08305,34.1374,1722840342754000000,1739400389059000000,7.30213639486036,3,730.213639486036,2024,6,17
210,0.981596,410681172,191,985674476,28310549.0,0.985706,0.888224,0.068273,7.47519,30046866.0,7.89389,416649900.0,1000000000.0,1000000000.0,2.72,-63.77366,1670801146205000000,0.00277641,35402.14668,1591694106983000000,1739400387435000000,7.30213639486036,3,730.213639486036,2022,12,11
4,0.40491,409243927,192,409243927,207971968.0,0.412956,0.265147,0.097837,31.86118,101859113.0,33.13733,999995987.652153,999995987.652153,999998319.33,0.623197,-36.61597,1737516928203000000,0.03048132,1195.90049,1734060916421000000,1739400381778000000,7.30213639486036,3,730.213639486036,2025,1,22
145,24.87,407864453,193,526149120,848752.0,25.03,24.26,-0.0200133615355504,-0.08039,2226619.0,0.54892,16376217.36631088,21125480.02884733,21125480.02884733,1415.26,-98.2313,1619308800000000000,7.54,231.82594,1669480586296000000,1739400381637000000,7.30213639486036,3,730.213639486036,2021,4,25
211,0.99735,407092460,194,407092460,9676274.0,1.025,0.970706,-0.0093634441213745,-0.9301,-1676275.32789284,-0.41008,406046631.5607005,406046631.5607005,1000000000.0,1.072,-7.00302,1738549654840000000,0.88965,12.10725,1738549049569000000,1739400386618000000,7.30213639486036,3,730.213639486036,2025,2,3
90,1.075,404031677,195,404031677,613.56,1.084,1.069,-0.0022532279763209,-0.20926,-327529.98277777433,-0.081,375525781.512949,375525781.512949,1000000000.0,1.1,-2.47853,1734702659534000000,1.026,4.86633,1733437880475000000,1739400388587000000,7.30213639486036,3,730.213639486036,2024,12,20
159,2773.87,403020921,196,403022537,35967361.0,2777.6,2568.8,161.63,6.18749,31514834.0,8.48299,145071.4459826733,145072.0276184515,1000000000.0,4090.99,-34.34224,1734375455001000000,2162.83,24.19178,1725656778843000000,1739400386088000000,7.30213639486036,3,730.213639486036,2024,12,16
41,1.0,399719362,197,399719362,0.0,1.0,1.0,0.0,0.0,399719362.0,0.0,399719362.18,399719362.18,1000000000.0,1.0,0.0,1739336410912000000,1.0,0.0,1739339110196000000,1739400301833000000,7.30213639486036,3,730.213639486036,2025,2,12
220,5.03,394997064,198,395000376,64589.0,5.03,4.59,0.271618,5.71301,22137825.0,5.93731,78400110.85082024,78400768.33349565,83540184.0,6.74,-25.46459,1733391419103000000,0.00177843,282368.61834,1606625859065000000,1739400387885000000,7.30213639486036,3,730.213639486036,2024,12,5
89,1.58,387919377,199,1590452154,35608033.0,1.6,1.44,0.064385,4.2462,16467150.0,4.43318,243905091.0,1000000000.0,1000000000.0,3.89,-60.83825,1731068765892000000,0.654959,132.72818,1730128848857000000,1739400388305000000,7.30213639486036,3,730.213639486036,2024,11,8
1,0.275064,386338803,200,414151474,37468628.0,0.27631,0.257171,0.01094078,4.1423,16757698.0,4.53424,1399266311.376045,1499999999.997,1499999999.997,8.65,-96.80674,1635323094808000000,0.214183,28.98725,1725412021297000000,1739400391287000000,7.30213639486036,3,730.213639486036,2021,10,27
147,1.073,380315115,201,385097020,1068321.0,1.087,1.069,-0.004202631758688,-0.39003,1254708.0,0.331,351310075.9176829,355727285.8528192,1000000000.0,1.26,-14.62221,1711517048110000000,0.934184,15.43348,1705232450825000000,1739400381735000000,7.30213639486036,3,730.213639486036,2024,3,27
184,2914.0,379105428,202,379105428,2408806.0,2933.65,2704.48,167.25,6.08892,22023752.0,6.16771,129275.9061724453,129276.8806652068,1000000000.0,4275.3,-31.80248,1734375455904000000,1537.24,89.66725,1697132252660000000,1739400384959000000,7.30213639486036,3,730.213639486036,2024,12,16
72,99276.0,372757562,203,372757562,1863119.0,99874.0,94112.0,4042.52,4.24486,17836544.0,5.0255,3749.94957601,3749.94957601,1000000000.0,109069.0,-9.84695,1737357058883000000,58795.0,67.24082,1728584981489000000,1739400385985000000,7.30213639486036,3,730.213639486036,2025,1,20
84,2749.19,369861080,207,369861080,1397035.0,2713.64,2576.89,140.43,5.38293,18353662.0,5.22142,134534.8706062647,134534.8706062647,1000000000.0,4084.25,-32.56067,1733517811342000000,1137.25,142.19794,1669170333267000000,1739400386475000000,7.30213639486036,3,730.213639486036,2024,12,6
174,0.68423,369777503,204,684172708,35974544.0,0.739857,0.561732,0.104987,18.12496,56615929.0,18.07882,540473917.0,1000000000.0,1000000000.0,3.56,-80.7075,1713856217083000000,0.515333,33.2149,1738548684630000000,1739400388826000000,7.30213639486036,3,730.213639486036,2024,4,23
203,0.00123293,365479701,206,365479701,521668.0,0.00123974,0.00107297,8.066e-05,7.00031,26392633.0,7.78344,294000136793.5213,293999753587.842,333333333333.0,0.00132623,-6.64165,1739270563215000000,2.17e-06,56993.93416,1701825933453000000,1739400386053000000,7.30213639486036,3,730.213639486036,2025,2,11
240,0.809817,364774949,208,364774949,37432023.0,0.813802,0.723965,0.061791,8.2605,28560818.0,8.49483,448552239.81523407,448552239.81523407,1000000000.0,27.86,-97.07992,1632965023570000000,0.642404,26.6393,1738551438317000000,1739400386174000000,7.30213639486036,3,730.213639486036,2021,9,30
193,2995.23,363394953,205,363405085,306266.0,3018.22,2783.12,176.51,6.2622,20887252.0,6.09833,121323.095741077,121326.478319651,1000000000.0,4395.57,-31.40964,1734374757408000000,1535.26,96.37989,1697131537017000000,1739400385374000000,7.30213639486036,3,730.213639486036,2024,12,16
248,0.359449,360788812,210,360788812,756845.0,0.361149,0.305554,0.03990629,12.48858,42099735.0,13.21029,999453281.979899,999453281.979899,999500000.0,0.443032,-20.01203,1735677073386000000,0.00142393,24786.8597,1733305203945000000,1739400388627000000,7.30213639486036,3,730.213639486036,2024,12,31
3,0.363867,357258944,209,357258944,13309681.0,0.399921,0.360444,-0.0304232243089956,-7.71595,-38889806.84686768,-9.81697,1000000000.0,1000000000.0,1000000000.0,0.544605,-32.18028,1738680452692000000,0.03751432,884.5568,1731313553573000000,1739400391436000000,7.30213639486036,3,730.213639486036,2025,2,4
194,1.047,356776625,211,357221860,53767641.0,1.052,0.930523,0.087111,9.07868,31988456.0,9.84902,339466216.9903987,339889850.0887736,339889850.0887736,28.53,-96.31099,1613265158505000000,0.0347864,2925.77742,1546732800000000000,1739400389107000000,1.093248104581748,2,109.3248104581748,2021,2,14
163,3.36,355956839,212,363722657,118855756.0,3.67,3.11,0.073755,2.24156,9587067.0,2.76787,105520297.0,107822406.0,1000000000.0,100.22,-96.62785,1515196800000000000,0.783142,331.55676,1584066177149000000,1739400383422000000,10.21361562675994,2,1021.361562675994,2018,1,6
57,0.83878,355513799,213,505368327,11802550.0,0.848172,0.78264,0.02359252,2.89412,12122832.0,3.53033,422084779.0,599999997.0,1000000000.0,8.67,-90.27666,1615694062148000000,0.128298,556.7254,1697688652176000000,1739400385214000000,7.30213639486036,3,730.213639486036,2021,3,14
132,8.93859e-07,350560257,215,350560257,19535780.0,8.97511e-07,7.81499e-07,6.3213e-08,7.61011,25993044.0,8.00852,390567524379062.56,390567524379062.56,420690000000000.0,4.02e-06,-77.71118,1733543746658000000,4.526e-09,19678.10124,1690218657805000000,1739400390848000000,7.30213639486036,3,730.213639486036,2024,12,7
178,0.00467659,347819695,218,352493568,2401699.0,0.00478127,0.00437395,-1.181953617118e-05,-0.2521,-1113837.542768538,-0.31921,74417870353.0,75417870353.0,76715880000.0,0.00895508,-47.67717,1733399453994000000,0.00013847,3283.83938,1697768736411000000,1739400384504000000,7.30213639486036,3,730.213639486036,2024,12,5
219,0.00402814,347011518,217,347042523,28514931.0,0.00416111,0.00376088,6.037e-05,1.52139,5560051.0,1.62836,86146795806.0,86154492816.0,1000000000.0,0.04671227,-91.36617,1535510446956000000,0.00015238,2546.79181,1584353664544000000,1739400389859000000,7.30213639486036,3,730.213639486036,2018,8,29
114,3.12,346602181,216,3118248143,71196181.0,3.13,2.77,0.214498,7.38693,24540618.0,7.61985,111152854.20763355,1000000000.0,1000000000.0,7.47,-58.17638,1733494552674000000,2.29,36.48664,1738548680249000000,1739400389963000000,7.30213639486036,3,730.213639486036,2024,12,6
205,0.050388,345830553,219,345892580,5819645.0,0.051124,0.04756925,-0.0006228920328225,-1.2211,-2076417.1723366976,-0.59683,6840713528.0,6841940464.0,1000000000.0,0.68159,-92.59611,1623221455818000000,0.00090804,5457.49057,1584066637972000000,1739400386010000000,7.30213639486036,3,730.213639486036,2021,6,9
111,21.25,342991222,220,343034055,17884219.0,21.3,19.41,1.36,6.8173,22814109.0,7.12547,16099848.72548207,16101859.29128504,1000000000.0,621.71,-96.57399,1621314281858000000,0.876572,2329.88421,1579029620768000000,1739400389869000000,7.30213639486036,3,730.213639486036,2021,5,18
100,0.0344793,342280502,221,342280502,40515270.0,0.03457719,0.03343363,0.00016065,0.46812,3014983.0,0.88868,9900000000.0,9900000000.0,9900000000.0,0.193254,-82.1109,1617597263454000000,0.00476275,625.87165,1589004534872000000,1739400389670000000,7.30213639486036,3,730.213639486036,2021,4,5
24,0.01599673,340613183,214,1599673405,426224069.0,0.01828807,0.00992928,0.00585506,57.73271,123781712.0,57.0866,21292670212.0,100000000000.0,100000000000.0,0.01828807,-11.19169,1739321146101000000,0.00401252,304.76631,1739225187822000000,1739400383080000000,7.30213639486036,3,730.213639486036,2025,2,12
192,0.752134,339793372,222,752261674,31085702.0,0.751733,0.677576,0.02012039,2.74864,9662312.0,2.92681,451694843.416917,999998077.4169172,999998077.4169172,4.74,-84.15942,1617176335006000000,0.070397,966.91297,1697682023295000000,1739400385347000000,7.30213639486036,3,730.213639486036,2021,3,31
61,27.89,339357708,223,339373079,68431580.0,27.95,26.02,0.782805,2.8879,10751419.0,3.27182,12142255.14005012,12142805.1254075,18920000.0,1493.59,-98.1317,1513728000000000000,0.213899,12945.75182,1392336000000000000,1739400385362000000,7.30213639486036,3,730.213639486036,2017,12,20
175,0.672424,337157098,224,337157098,12590597.0,0.6743,0.628324,0.02829176,4.39223,16155162.0,5.03273,500000000.0,500000000.0,500000000.0,4.19,-83.89322,1612895434250000000,0.269235,150.51334,1655172410102000000,1739400383854000000,7.30213639486036,3,730.213639486036,2021,2,9
237,1966.83,335177473,225,335177473,0.0,1967.32,1894.03,38.8,2.01241,7432030.0,2.26762,170372.43301227,170377.51667939,1000000000.0,2187.46,-10.0635,1737364213583000000,91.15,2058.31066,1584356957436000000,1739400332038000000,7.30213639486036,3,730.213639486036,2025,1,20
123,3.46,329288961,226,1450927056,44805080.0,3.54,3.35,0.090814,2.69581,9485716.0,2.96611,94954334.0,418391834.0,1000000000.0,5.85,-40.83112,1712700639934000000,0.04218457,8111.80266,1574661585392000000,1739400391020000000,7.30213639486036,3,730.213639486036,2024,4,9
32,1.001,324199232,227,324199232,26629402.0,1.011,0.99488,-0.0008532558943759,-0.08521,346540.0,0.10701,323477997.5096949,323477997.5096949,1000000000.0,1.064,-5.92116,1698101126927000000,0.954278,4.89832,1700588976929000000,1739400386949000000,7.30213639486036,3,730.213639486036,2023,10,23
222,0.77673,323920534,228,416806656,2782597.0,0.797052,0.744528,-0.0082540343865642,-1.05149,-2625200.160025239,-0.80393,417057949.6551715,536651773.9026076,590000000.0,24.71,-96.85227,1637516024178000000,0.128398,505.81886,1624366369089000000,1739400388286000000,7.30213639486036,3,730.213639486036,2021,11,21
42,0.146245,322060544,229,438810638,30809651.0,0.146864,0.131844,0.00996546,7.31252,21670922.0,7.21427,2201819071.299467,3000000000.0,3000000000.0,5.02,-97.07801,1676396035928000000,0.109611,33.72177,1722864641661000000,1739400384012000000,7.30213639486036,3,730.213639486036,2023,2,14
141,0.00312235,321356274,230,321356274,73545645.0,0.00313504,0.00275038,0.00028554,10.06565,31008878.0,10.67992,102456957077.5639,102456957077.5639,1000000000.0,0.02836145,-88.99276,1717351238587000000,0.00236798,31.83426,1738551339524000000,1739400391283000000,7.30213639486036,3,730.213639486036,2024,6,2
158,97650.0,319106811,231,319106811,13950896.0,97768.0,94615.0,1854.96,1.93639,1675744.0,0.52791,3263.08520441,3263.08520441,1000000000.0,108124.0,-9.86366,1737364645063000000,49937.0,95.16126,1722863996346000000,1739400383022000000,7.30213639486036,3,730.213639486036,2025,1,20
26,1.892e-09,316898529,232,804387234,69704318.0,2.003e-09,1.481e-09,3.45906e-10,22.38007,61881562.0,24.26566,1.6546431437985178e+17,4.2e+17,4.2e+17,6.498e-09,-70.48038,1733815564687000000,9.4771e-11,1923.95102,1623206901787000000,1739400383304000000,7.30213639486036,3,730.213639486036,2024,12,10
93,0.00177848,316473445,233,316473445,26418792.0,0.00179274,0.00166477,0.00010309,6.1529,18140326.0,6.08056,177619433541.1413,177619433541.1413,1000000000.0,0.03126682,-94.30007,1617638692608000000,0.0002202,709.3537,1584066181612000000,1739400389394000000,1.834479059398289,1,183.4479059398289,2021,4,5
87,0.03294639,316284338,234,316284338,14198958.0,0.03541687,0.03074508,-0.0022377504007704,-6.36011,-22379817.150424182,-6.60826,9604136902.35,9604136902.35,10000000000.0,0.095127,-65.37046,1735921560996000000,1.244e-05,264660.72761,1707247397592000000,1739400387986000000,7.30213639486036,3,730.213639486036,2025,1,3
160,0.317252,315707069,236,315707069,117989783.0,0.318937,0.241766,0.054632,20.80263,56243683.0,21.67692,979978669.96,979978669.96,979978694.0,2.05,-84.54138,1731858659669000000,0.00379728,8264.75682,1704468864842000000,1739400383199000000,7.30213639486036,3,730.213639486036,2024,11,17
143,0.04662877,315602469,237,468962913,28806182.0,0.04667626,0.04232085,0.00293536,6.71809,21917649.0,7.46298,6729795897.58809,10000000000.0,10000000000.0,0.597347,-92.1815,1642217471062000000,0.03200566,45.92274,1606410552182000000,1739400391338000000,7.30213639486036,3,730.213639486036,2022,1,15
19,0.04150302,315288076,235,346735434,22907781.0,0.04160051,0.03850554,0.00211236,5.36259,16493477.0,5.52001,7596965621.0,8354699638.0,1000000000.0,0.421574,-90.12632,1642426476289000000,0.03269521,27.3117,1665666341982000000,1739400384295000000,7.30213639486036,3,730.213639486036,2022,1,17
130,28.13,309523754,238,309530556,33705.0,30.08,27.52,-0.5635666711544758,-1.96433,-5263093.131601095,-1.67195,10974250.1569404,10974491.3069404,20000000.0,38.81,-27.33422,1738328815142000000,0.298733,9340.71688,1575504000000000000,1739400390700000000,7.30213639486036,3,730.213639486036,2025,1,31
119,8.09,309156078,239,309156078,33312805.0,8.12,7.53,0.190169,2.40819,9452400.0,3.15392,38030750.39912712,38030750.39912712,38030750.39912712,99.03,-91.79909,1636477124554000000,0.354051,2193.79055,1572130749500000000,1739400390291000000,7.30213639486036,3,730.213639486036,2021,11,9
235,0.01556121,304676688,240,315381913,23907662.0,0.01561542,0.01426929,0.00080577,5.46083,17265724.0,6.00733,19522675574.44501,20208631000.15501,21000000000.0,0.255376,-93.8852,1620322425940000000,0.00239616,551.69803,1584066175161000000,1739400389087000000,-0.3361475730359472,1,-33.61475730359472,2021,5,6
65,0.00298613,299575211,242,299575211,10157688.0,0.00298921,0.00272637,6.112e-05,2.0894,7094123.0,2.4255,100000000000.0,100000000000.0,100000000000.0,0.0099237,-69.928,1733933138574000000,0.0018022,65.58975,1722840306508000000,1739400386930000000,7.30213639486036,3,730.213639486036,2024,12,11
117,3009.15,299101136,241,299101136,29139.0,3016.28,2786.4,185.34,6.56351,18208808.0,6.48249,99395.90135863166,99395.90135863166,1000000000.0,4332.67,-30.41234,1733516840677000000,1384.61,117.75141,1678447572210000000,1739400390008000000,7.30213639486036,3,730.213639486036,2024,12,6
140,0.00648034,299065182,243,303719905,14551702.0,0.00650889,0.00594901,0.00020472,3.26215,11686018.0,4.06641,45941091212.78746,46656129443.54248,1000000000.0,0.04370633,-85.10632,1617210539155000000,0.00197892,228.94098,1671287157243000000,1739400391130000000,-0.3519659002695278,2,-35.19659002695278,2021,3,31
186,2839.17,297078630,244,297078630,239268.0,2846.09,2674.76,121.35,4.46482,13134607.0,4.62577,104400.8879555,104400.8879555,1000000000.0,4228.59,-32.85697,1733517155136000000,2141.29,32.59285,1702904748125000000,1739400384954000000,7.30213639486036,3,730.213639486036,2024,12,6
109,0.295389,294025310,245,294025310,30839644.0,0.385363,0.202627,0.08,37.14236,75973954.0,34.84223,1000000000.0,1000000000.0,1000000000.0,0.385363,-24.51053,1739324495719000000,0.0085598,3298.54325,1737396278640000000,1739400389794000000,7.30213639486036,3,730.213639486036,2025,2,12
27,0.192736,288955612,246,289794401,27749904.0,0.193141,0.17848,0.01312105,7.30509,20956277.0,7.81953,1495658356.9526055,1500000000.0,1500000000.0,1.9,-89.83716,1638059031354000000,0.072394,166.80516,1500163200000000000,1739400383392000000,-0.5542871078358399,1,-55.42871078358399,2021,11,28
238,0.00319717,285522469,248,285522469,24340819.0,0.00321214,0.00290778,0.00016714,5.51596,16357825.0,6.07726,88888888888.88,88888888888.88,88888888888.88,0.01288153,-75.18442,1731859384829000000,0.00091206,250.48497,1711504558952000000,1739400384555000000,7.30213639486036,3,730.213639486036,2024,11,17
187,3049.61,284815522,247,284815051,246299.0,3062.96,2850.69,141.83,4.87763,12198297.0,4.47451,93642.51967123704,93642.36466752968,1000000000.0,7545.09,-59.6109,1676533896849000000,1147.58,165.54872,1671796257675000000,1739400384870000000,7.30213639486036,3,730.213639486036,2023,2,16
0,0.334705,283961477,249,334703710,34732973.0,0.335195,0.304116,0.02415705,7.77885,20581215.0,7.81426,848396562.906836,1000000000.0,1000000000.0,2.5,-86.57844,1515801600000000000,0.120667,177.73084,1584066469563000000,1739400391236000000,5.973016031307938,2,597.3016031307938,2018,1,13
126,0.997987,280520849,250,280520849,5631452.0,1.01,0.983372,-0.0034981802173309,-0.3493,1958601.0,0.70311,278758304.759875,278758304.759875,1000000000.0,1.26,-21.08987,1711517008006000000,0.869914,14.74609,1710493998491000000,1739400390391000000,7.30213639486036,3,730.213639486036,2024,3,27
